frequency_hz,magnitude,magnitude_db,phase_degrees
0.000,1.00015259022,0.001325281,0.000000000
5.000,0.99996409405,-0.000311881,-0.390922406
10.000,1.00004010152,0.000348310,-0.784562206
15.000,1.00000636635,0.000055297,-1.175216612
20.000,0.99996558113,-0.000298964,-1.566433874
25.000,1.00000211759,0.000018393,-1.959422311
30.000,1.00001574305,0.000136741,-2.351934798
35.000,1.000001465,0.000012725,-2.743944437
40.000,1.00002375323,0.000206316,-3.137161676
45.000,1.00000001107,0.000000096,-3.528808894
50.000,0.999990402934,-0.000083359,-3.923328830
55.000,0.999987436332,-0.000109127,-4.315357838
60.000,1.00002912866,0.000253005,-4.707049955
65.000,0.999987767331,-0.000106252,-5.101033721
70.000,0.999974418891,-0.000222198,-5.495266413
75.000,0.999988777943,-0.000097474,-5.888257311
80.000,1.00002788424,0.000242196,-6.282316580
85.000,0.999973413997,-0.000230926,-6.676682977
90.000,0.999977086526,-0.000199026,-7.073665556
95.000,0.999958290608,-0.000362291,-7.467212809
100.000,0.999931199976,-0.000597610,-7.861723274
105.000,0.999952962898,-0.000408569,-8.258972298
110.000,0.999936621431,-0.000550517,-8.655385875
115.000,0.999917148881,-0.000719665,-9.052203331
120.000,0.999874358187,-0.001091379,-9.448636531
125.000,0.999885220415,-0.000997020,-9.850291586
130.000,0.999866466869,-0.001159931,-10.245564551
135.000,0.999844623135,-0.001349691,-10.644748854
140.000,0.999816652942,-0.001592678,-11.042616253
145.000,0.999800849995,-0.001729967,-11.443815963
150.000,0.999747145425,-0.002196545,-11.845027878
155.000,0.999735491038,-0.002297800,-12.245088574
160.000,0.999683626003,-0.002748424,-12.646202004
165.000,0.99966528062,-0.002907822,-13.048948413
170.000,0.999641429962,-0.003115058,-13.453204612
175.000,0.999586258735,-0.003594455,-13.855306775
180.000,0.999532087625,-0.004065186,-14.259760312
185.000,0.999479543993,-0.004521800,-14.664883059
190.000,0.999409547888,-0.005130117,-15.070771201
195.000,0.999356048065,-0.005595097,-15.477447964
200.000,0.999223579944,-0.006746518,-15.884742013
205.000,0.999213259558,-0.006836230,-16.292553105
210.000,0.99913628638,-0.007505363,-16.701414475
215.000,0.999056623693,-0.008197930,-17.110892147
220.000,0.998949320339,-0.009130885,-17.520447590
225.000,0.998846781615,-0.010022508,-17.930926498
230.000,0.99876755057,-0.010711522,-18.343753058
235.000,0.998643512581,-0.011790299,-18.756664948
240.000,0.998537317139,-0.012714002,-19.171457361
245.000,0.998405160438,-0.013863659,-19.584001381
250.000,0.998205111402,-0.015604212,-20.001139112
255.000,0.998127541619,-0.016279213,-20.416360595
260.000,0.997970836628,-0.017642995,-20.833407729
265.000,0.997815354459,-0.018996348,-21.252325790
270.000,0.997658017981,-0.020366055,-21.670846183
275.000,0.997460470496,-0.022086129,-22.092016911
280.000,0.997298576241,-0.023496019,-22.512307707
285.000,0.997066495456,-0.025517543,-22.934920445
290.000,0.996869105633,-0.027237264,-23.357875461
295.000,0.996650266882,-0.029144252,-23.782137494
300.000,0.996389381009,-0.031418192,-24.207662811
305.000,0.996175648001,-0.033281580,-24.633639030
310.000,0.995924132135,-0.035474883,-25.060915872
315.000,0.995644469101,-0.037914289,-25.489274397
320.000,0.995350623533,-0.040478143,-25.919467266
325.000,0.995067601032,-0.042948279,-26.348351790
330.000,0.994746691781,-0.045749930,-26.781138746
335.000,0.994422285187,-0.048583033,-27.212929815
340.000,0.994121909353,-0.051207094,-27.647518274
345.000,0.993726239972,-0.054664844,-28.082266093
350.000,0.99338016047,-0.057690357,-28.516801933
355.000,0.992987621511,-0.061123307,-28.955300430
360.000,0.992565700623,-0.064814730,-29.395296459
365.000,0.992171607031,-0.068264106,-29.832501609
370.000,0.991732062821,-0.072112915,-30.273080647
375.000,0.991312673512,-0.075786830,-30.715865966
380.000,0.990788885805,-0.080377475,-31.157895337
385.000,0.99031558127,-0.084527757,-31.601793574
390.000,0.9897880379,-0.089155983,-32.046118613
395.000,0.989281571771,-0.093601617,-32.492429022
400.000,0.988682597705,-0.098862200,-32.939068989
405.000,0.988153667693,-0.103510261,-33.388387250
410.000,0.987571100553,-0.108632548,-33.838786233
415.000,0.986950103524,-0.114096061,-34.289608989
420.000,0.98632484233,-0.119600565,-34.740775510
425.000,0.985634775777,-0.125679637,-35.194003103
430.000,0.984979160213,-0.131459161,-35.648737501
435.000,0.984285552289,-0.137577792,-36.104108569
440.000,0.983607672429,-0.143561846,-36.560339627
445.000,0.982810999513,-0.150599832,-37.018564881
450.000,0.982038558399,-0.157429198,-37.478613631
455.000,0.98124798547,-0.164424437,-37.938571387
460.000,0.980407374761,-0.171868612,-38.398542690
465.000,0.979569827893,-0.179292004,-38.861621566
470.000,0.978701018561,-0.186999194,-39.324562764
475.000,0.977774254944,-0.195228040,-39.789096733
480.000,0.976811580252,-0.203784008,-40.256156453
485.000,0.975901419002,-0.211881010,-40.721934982
490.000,0.97490781592,-0.220728956,-41.189859573
495.000,0.973907348797,-0.229647142,-41.658310222
500.000,0.972787257506,-0.239642537,-42.124207253
505.000,0.971766103141,-0.248765079,-42.598793223
510.000,0.970676970904,-0.258505476,-43.070773732
515.000,0.969539267427,-0.268691936,-43.544460626
520.000,0.968377450594,-0.279106640,-44.019763789
525.000,0.967164249016,-0.289995309,-44.492610220
530.000,0.965953877272,-0.300872199,-44.968612491
535.000,0.964694961596,-0.312199794,-45.446180207
540.000,0.963436839423,-0.323535027,-45.925017314
545.000,0.962078752443,-0.335787533,-46.403420991
550.000,0.960764617209,-0.347659988,-46.883876186
555.000,0.959337523571,-0.360571364,-47.362724943
560.000,0.957959558587,-0.373056496,-47.843631782
565.000,0.956475442433,-0.386523521,-48.326871032
570.000,0.954981541093,-0.400100457,-48.809918655
575.000,0.953459302811,-0.413956791,-49.294061055
580.000,0.951892106185,-0.428245493,-49.780614281
585.000,0.950312565095,-0.442670569,-50.265484851
590.000,0.94870079451,-0.457414714,-50.750899434
595.000,0.947018309566,-0.472832486,-51.237867365
600.000,0.945370505261,-0.487959029,-51.727616867
605.000,0.943591488212,-0.504319708,-52.213400751
610.000,0.941821802247,-0.520625206,-52.702476099
615.000,0.940012438303,-0.537327995,-53.192396119
620.000,0.93819116345,-0.554173237,-53.682311548
625.000,0.936131397494,-0.573263769,-54.167227567
630.000,0.934390148417,-0.589434982,-54.663748358
635.000,0.932444756355,-0.607537780,-55.156412047
640.000,0.930448942632,-0.626149066,-55.647076455
645.000,0.928435433257,-0.644965866,-56.140648527
650.000,0.926354780796,-0.664453056,-56.633382429
655.000,0.924292118763,-0.683815002,-57.126741995
660.000,0.922168370644,-0.703795554,-57.619656125
665.000,0.919971653534,-0.724511081,-58.114337320
670.000,0.917775643241,-0.745269444,-58.608027714
675.000,0.915555075972,-0.766310505,-59.104257744
680.000,0.913291645026,-0.787810307,-59.596831434
685.000,0.910944913729,-0.810157694,-60.092902497
690.000,0.908599099012,-0.832553964,-60.586407689
695.000,0.906194999358,-0.855566774,-61.082115500
700.000,0.90370651863,-0.879451701,-61.577024130
705.000,0.901308913803,-0.902526676,-62.071896665
710.000,0.898818886594,-0.926556209,-62.567644082
715.000,0.896283548465,-0.951091502,-63.062313054
720.000,0.893697123685,-0.976192796,-63.558501399
725.000,0.891136676206,-1.001113637,-64.051486041
730.000,0.888480766352,-1.027039385,-64.547238327
735.000,0.885811318001,-1.053175501,-65.041340513
740.000,0.883104570895,-1.079757347,-65.533848177
745.000,0.880359755203,-1.106796380,-66.029238494
750.000,0.877552350375,-1.134539325,-66.523809325
755.000,0.874789482191,-1.161928945,-67.015785082
760.000,0.87197137601,-1.189955426,-67.510429505
765.000,0.869072874411,-1.218876102,-68.001521349
770.000,0.866137677411,-1.248261379,-68.493195022
775.000,0.86322436595,-1.277526189,-68.982190035
780.000,0.860277933568,-1.307224335,-69.474681592
785.000,0.85725411708,-1.337808409,-69.965914601
790.000,0.854227107808,-1.368533018,-70.455404782
795.000,0.851157828957,-1.399798037,-70.944674821
800.000,0.848007670951,-1.432004383,-71.429167559
805.000,0.844955920638,-1.463318932,-71.921105487
810.000,0.841799236022,-1.495829455,-72.406996334
815.000,0.838635374206,-1.528536454,-72.893928962
820.000,0.835427135065,-1.561828455,-73.379074136
825.000,0.832169585403,-1.595763222,-73.863829510
830.000,0.82896733944,-1.629251598,-74.347292478
835.000,0.82566789352,-1.663892056,-74.828290036
840.000,0.82234727522,-1.698894845,-75.308639218
845.000,0.819023796107,-1.734069599,-75.790070144
850.000,0.81567569761,-1.769649539,-76.269219938
855.000,0.812290029018,-1.805777555,-76.747814766
860.000,0.808860575719,-1.842526636,-77.225232182
865.000,0.805470441074,-1.879007851,-77.702157508
870.000,0.802017378247,-1.916324425,-78.175697737
875.000,0.79859458417,-1.953472788,-78.650887019
880.000,0.7950782129,-1.991802942,-79.122990255
885.000,0.791551479904,-2.030416696,-79.593469913
890.000,0.788021075504,-2.069243344,-80.064137066
895.000,0.784479144952,-2.108371949,-80.531247676
900.000,0.780925862742,-2.147803879,-81.000936066
905.000,0.777335169494,-2.187833655,-81.463619391
910.000,0.773746201726,-2.228029398,-81.927127363
915.000,0.77013079228,-2.268710236,-82.391004073
920.000,0.766493223075,-2.309833612,-82.852342170
925.000,0.762872605121,-2.350959608,-83.310897656
930.000,0.759196494442,-2.392916118,-83.770990979
935.000,0.755522896341,-2.435047394,-84.227402797
940.000,0.751852373226,-2.477348502,-84.679836933
945.000,0.748154879662,-2.520169743,-85.134611309
950.000,0.744439059653,-2.563416963,-85.583319141
955.000,0.740738237911,-2.606704718,-86.035887147
960.000,0.737030558002,-2.650290110,-86.483465242
965.000,0.73328814187,-2.694506760,-86.930769117
970.000,0.729556750085,-2.738818399,-87.376252018
975.000,0.725794045937,-2.783731977,-87.817123218
980.000,0.722040582337,-2.828767844,-88.260478244
985.000,0.718271705824,-2.874224819,-88.698862183
990.000,0.714507660617,-2.919862211,-89.138153331
995.000,0.710737075949,-2.965820576,-89.572926365
1000.000,0.70693829653,-3.012369819,-90.000000000
1005.000,0.703187069646,-3.058582475,-90.439259443
1010.000,0.699400407307,-3.105482382,-90.869995972
1015.000,0.695615546738,-3.152614405,-91.296294295
1020.000,0.691804734819,-3.200329399,-91.722924139
1025.000,0.68803528318,-3.247785802,-92.149317144
1030.000,0.684238281168,-3.295852639,-92.571051975
1035.000,0.680445291477,-3.344135736,-92.991112765
1040.000,0.676675066567,-3.392396513,-93.410705277
1045.000,0.672865442852,-3.441435514,-93.826348736
1050.000,0.669086669847,-3.490352449,-94.240735036
1055.000,0.665290366637,-3.539775301,-94.652879929
1060.000,0.661512846396,-3.589234350,-95.064075063
1065.000,0.657722801233,-3.639142044,-95.472707123
1070.000,0.653950585244,-3.689101344,-95.879781042
1075.000,0.650168103838,-3.739486802,-96.284477371
1080.000,0.646389693698,-3.790111535,-96.685097703
1085.000,0.642646799551,-3.840553019,-97.086386130
1090.000,0.638893534307,-3.891430139,-97.486233340
1095.000,0.635139769592,-3.942613857,-97.881121412
1100.000,0.63138948851,-3.994053052,-98.271564361
1105.000,0.62764669187,-4.045695117,-98.667946072
1110.000,0.623917128743,-4.097461826,-99.056363357
1115.000,0.620203567444,-4.149314800,-99.445184032
1120.000,0.616508568278,-4.201217663,-99.830350588
1125.000,0.612793274359,-4.253720198,-100.214102981
1130.000,0.609082888331,-4.306472029,-100.596353770
1135.000,0.605394011698,-4.359237584,-100.975560484
1140.000,0.601706933349,-4.412299684,-101.351665715
1145.000,0.598042337577,-4.465361393,-101.727379516
1150.000,0.594363967001,-4.518950546,-102.100899690
1155.000,0.590748190641,-4.571951997,-102.473015194
1160.000,0.58709847475,-4.625780958,-102.840930481
1165.000,0.583485022264,-4.679405751,-103.208924863
1170.000,0.579875820125,-4.733300005,-103.572626398
1175.000,0.576286723369,-4.787227714,-103.936456787
1180.000,0.572689698419,-4.841612579,-104.297248150
1185.000,0.56911412053,-4.896012776,-104.655462224
1190.000,0.565563931699,-4.950365901,-105.010801128
1195.000,0.562013656505,-5.005062626,-105.366309855
1200.000,0.558533745612,-5.059011649,-105.720772909
1205.000,0.554955398246,-5.114838394,-106.069316880
1210.000,0.551450332408,-5.169871943,-106.416471037
1215.000,0.547959058747,-5.225037780,-106.763286102
1220.000,0.544497166799,-5.280087514,-107.107740727
1225.000,0.541032232597,-5.335537211,-107.449069894
1230.000,0.537565525569,-5.391371813,-107.789490559
1235.000,0.534134518914,-5.446987089,-108.126716195
1240.000,0.530709628174,-5.502860666,-108.463810784
1245.000,0.527326426278,-5.558409280,-108.797413567
1250.000,0.52388338512,-5.615307498,-109.138551113
1255.000,0.520574196489,-5.670347251,-109.458969390
1260.000,0.51721195433,-5.726628916,-109.785770883
1265.000,0.513877654751,-5.782805332,-110.111560512
1270.000,0.510561282262,-5.839042449,-110.437397361
1275.000,0.50725272904,-5.895512155,-110.757517743
1280.000,0.503982236826,-5.951695405,-111.078643568
1285.000,0.500703113383,-6.008394163,-111.396019743
1290.000,0.497437706062,-6.065225961,-111.712051578
1295.000,0.494208593669,-6.121794141,-112.025701572
1300.000,0.490968319091,-6.178930617,-112.338068780
1305.000,0.487783727539,-6.235453837,-112.647514213
1310.000,0.484604819922,-6.292245413,-112.956109494
1315.000,0.481423958394,-6.349446011,-113.263171096
1320.000,0.478280111189,-6.406353569,-113.566755254
1325.000,0.475154034884,-6.463311569,-113.870000239
1330.000,0.472027687345,-6.520650531,-114.169043231
1335.000,0.468928617365,-6.577865254,-114.468248949
1340.000,0.465858926437,-6.634911569,-114.767511912
1345.000,0.462788893174,-6.692341451,-115.060405414
1350.000,0.459745659018,-6.749647255,-115.352858997
1355.000,0.456708544998,-6.807217254,-115.644417224
1360.000,0.453711015836,-6.864413524,-115.935333578
1365.000,0.450719140276,-6.921879975,-116.221378126
1370.000,0.447749910735,-6.979289841,-116.508265539
1375.000,0.44478923026,-7.036914739,-116.791246236
1380.000,0.441847153051,-7.094558779,-117.073037164
1385.000,0.43891865595,-7.152319187,-117.354307217
1390.000,0.436012729259,-7.210016629,-117.634171203
1395.000,0.433135017473,-7.267534073,-117.910473297
1400.000,0.43020795493,-7.326431268,-118.182324971
1405.000,0.427418520617,-7.382933264,-118.459407750
1410.000,0.424577216285,-7.440866294,-118.732522827
1415.000,0.421767932575,-7.498528863,-119.001547486
1420.000,0.418973872706,-7.556261178,-119.269910844
1425.000,0.416186407064,-7.614242165,-119.536975905
1430.000,0.413424206845,-7.672081962,-119.801382354
1435.000,0.410686690259,-7.729787435,-120.065059204
1440.000,0.407957355742,-7.787704637,-120.327284045
1445.000,0.405251653969,-7.845504079,-120.587754128
1450.000,0.402552106448,-7.903557929,-120.847198780
1455.000,0.399886337801,-7.961268667,-121.102939462
1460.000,0.397231256949,-8.019131710,-121.358200602
1465.000,0.394596481611,-8.076935828,-121.612982679
1470.000,0.391977542835,-8.134776277,-121.864708325
1475.000,0.389357737302,-8.193023812,-122.115609552
1480.000,0.386770112171,-8.250941872,-122.365561784
1485.000,0.384212087958,-8.308579513,-122.610698872
1490.000,0.381662823155,-8.366402831,-122.856801155
1495.000,0.379126198444,-8.424324077,-123.101518714
1500.000,0.376644298945,-8.481372037,-123.340395014
1505.000,0.374108202507,-8.540055392,-123.586013060
1510.000,0.371616103776,-8.598109487,-123.825493765
1515.000,0.369156241278,-8.655795692,-124.063816737
1520.000,0.366695772148,-8.713881945,-124.301141441
1525.000,0.364266469333,-8.771616073,-124.537900091
1530.000,0.361848487424,-8.829464769,-124.772175354
1535.000,0.359443836353,-8.887379183,-125.003346703
1540.000,0.357067705369,-8.944988547,-125.234282472
1545.000,0.354699585736,-9.002786375,-125.464054175
1550.000,0.352330043651,-9.061006447,-125.692985751
1555.000,0.350013805704,-9.118296506,-125.919596411
1560.000,0.347688726709,-9.176187809,-126.144524304
1565.000,0.34538774515,-9.233861518,-126.369763705
1570.000,0.343089006086,-9.291863964,-126.592404684
1575.000,0.340820693989,-9.349480871,-126.815728255
1580.000,0.338570612337,-9.407014820,-127.033393631
1585.000,0.336326931956,-9.464767088,-127.252539022
1590.000,0.334092165884,-9.522674160,-127.471116674
1595.000,0.33189270153,-9.580045956,-127.687119486
1600.000,0.329692463352,-9.637819611,-127.900220233
1605.000,0.3275199319,-9.695245300,-128.115907258
1610.000,0.325358807399,-9.752748650,-128.326678178
1615.000,0.323204669087,-9.810447479,-128.538853966
1620.000,0.321080175197,-9.867730174,-128.750707363
1625.000,0.318948374685,-9.925592132,-128.957798076
1630.000,0.316852510036,-9.982856963,-129.163647842
1635.000,0.314766173683,-10.040238904,-129.371670089
1640.000,0.312692511326,-10.097650391,-129.573569040
1645.000,0.310627943948,-10.155189558,-129.778413320
1650.000,0.30859360242,-10.212261634,-129.983939829
1655.000,0.306549186668,-10.269996636,-130.182548202
1660.000,0.30452924141,-10.327419987,-130.385633769
1665.000,0.302530523013,-10.384616036,-130.581417540
1670.000,0.300545298955,-10.441801215,-130.780636858
1675.000,0.298567107353,-10.499160790,-130.975897021
1680.000,0.296619582666,-10.556003609,-131.169830779
1685.000,0.294667049764,-10.613368502,-131.365801087
1690.000,0.292733216171,-10.670559915,-131.558300959
1695.000,0.290814193439,-10.727688024,-131.751103000
1700.000,0.288924414159,-10.784315173,-131.939191781
1705.000,0.287018635514,-10.841798091,-132.131831757
1710.000,0.285137412156,-10.898915925,-132.321375598
1715.000,0.283274190933,-10.955859844,-132.507802980
1720.000,0.281426361828,-11.012704473,-132.694410365
1725.000,0.279595341028,-11.069401393,-132.881254532
1730.000,0.277762456648,-11.126529108,-133.065903654
1735.000,0.275945437811,-11.183535634,-133.248582036
1740.000,0.274150137192,-11.240230649,-133.431666270
1745.000,0.272359935993,-11.297135531,-133.613100943
1750.000,0.270584007201,-11.353957517,-133.795151755
1755.000,0.268819357165,-11.410789236,-133.972034530
1760.000,0.267075752093,-11.467310799,-134.150042288
1765.000,0.265332924743,-11.524177115,-134.327268016
1770.000,0.263607083674,-11.580858470,-134.506400011
1775.000,0.261901597452,-11.637237052,-134.680130264
1780.000,0.260201756748,-11.693795513,-134.853321957
1785.000,0.25850594083,-11.750589435,-135.026492069
1790.000,0.256834514202,-11.806932297,-135.200050547
1795.000,0.255165587407,-11.863557932,-135.370360881
1800.000,0.253505310615,-11.920258766,-135.543539772
1805.000,0.251869821006,-11.976477329,-135.710969180
1810.000,0.250241610134,-12.032809484,-135.880139720
1815.000,0.248624107295,-12.089135265,-136.047432600
1820.000,0.247006772483,-12.145822780,-136.211761974
1825.000,0.245423736898,-12.201668709,-136.382602363
1830.000,0.243828521885,-12.258309881,-136.545873833
1835.000,0.242263670344,-12.314234148,-136.710130479
1840.000,0.240716373689,-12.369887354,-136.873635765
1845.000,0.239148713545,-12.426639020,-137.036294028
1850.000,0.237602308025,-12.482986900,-137.191955181
1855.000,0.23607982107,-12.538822653,-137.357878073
1860.000,0.234557699517,-12.595006129,-137.517488962
1865.000,0.23305261645,-12.650920339,-137.677408145
1870.000,0.231556838146,-12.706847785,-137.834691338
1875.000,0.230104602748,-12.761493882,-137.983176818
1880.000,0.228597023641,-12.818588569,-138.149748591
1885.000,0.227125502274,-12.874681985,-138.305057444
1890.000,0.225671111281,-12.930480650,-138.459720388
1895.000,0.224224455929,-12.986340422,-138.612324660
1900.000,0.222790601122,-13.042062694,-138.766545234
1905.000,0.221365859163,-13.097787174,-138.917836018
1910.000,0.219953112146,-13.153397775,-139.069593256
1915.000,0.218544765946,-13.209191804,-139.219827234
1920.000,0.217142465689,-13.265104700,-139.371057555
1925.000,0.215753730311,-13.320833735,-139.520999619
1930.000,0.214384033758,-13.376151237,-139.667629068
1935.000,0.213015271353,-13.431785206,-139.815601283
1940.000,0.211653657214,-13.487484457,-139.962333059
1945.000,0.210308975772,-13.542843833,-140.109594253
1950.000,0.208974744829,-13.598123928,-140.254426391
1955.000,0.207639152012,-13.653815069,-140.399289936
1960.000,0.206309696668,-13.709607189,-140.546996447
1965.000,0.205003703562,-13.764765860,-140.687306524
1970.000,0.203702999443,-13.820051523,-140.831085308
1975.000,0.202410925766,-13.875320976,-140.972441795
1980.000,0.201121248484,-13.930840874,-141.112562202
1985.000,0.199850185487,-13.985908886,-141.254216919
1990.000,0.198580686174,-14.041259860,-141.393723032
1995.000,0.197323951147,-14.096403939,-141.532975483
2000.000,0.196060821925,-14.152183621,-141.671236429
2005.000,0.194831040842,-14.206836987,-141.808063674
2010.000,0.193600191883,-14.261884332,-141.947394580
2015.000,0.192378014209,-14.316891250,-142.082151361
2020.000,0.191162884267,-14.371928509,-142.217736843
2025.000,0.189956356715,-14.426923372,-142.355470180
2030.000,0.188758096966,-14.481888196,-142.488857152
2035.000,0.187563489642,-14.537033915,-142.622363636
2040.000,0.186372354006,-14.592370187,-142.755672526
2045.000,0.18520168722,-14.647101223,-142.888276587
2050.000,0.184036302713,-14.701930006,-143.018187410
2055.000,0.182874984846,-14.756913937,-143.150425899
2060.000,0.18172641478,-14.811638828,-143.281089515
2065.000,0.180583716052,-14.866428286,-143.411963772
2070.000,0.179444469029,-14.921398465,-143.540735512
2075.000,0.178316947651,-14.976147570,-143.668378269
2080.000,0.177200866021,-15.030683199,-143.798653038
2085.000,0.176083249112,-15.085639134,-143.926493069
2090.000,0.174979760795,-15.140243630,-144.051602451
2095.000,0.173881829924,-15.194915959,-144.177512458
2100.000,0.17278474241,-15.249892202,-144.305295232
2105.000,0.171705270326,-15.304327488,-144.430785408
2110.000,0.170630557015,-15.358863830,-144.556033197
2115.000,0.169557472474,-15.413661318,-144.677862322
2120.000,0.168500023789,-15.468000670,-144.800355204
2125.000,0.167474639146,-15.521018986,-144.929648051
2130.000,0.166393562311,-15.577269607,-145.047220396
2135.000,0.165351069673,-15.631859825,-145.168154491
2140.000,0.164322821309,-15.686042343,-145.292680492
2145.000,0.163290685918,-15.740771733,-145.410892325
2150.000,0.162261142915,-15.795709386,-145.531988995
2155.000,0.161256651248,-15.849647265,-145.650734026
2160.000,0.160250265751,-15.904024832,-145.772194034
2165.000,0.159244576171,-15.958707014,-145.889705113
2170.000,0.158252620341,-16.012981804,-146.006909754
2175.000,0.15727254418,-16.066941752,-146.123965417
2180.000,0.156289743282,-16.121390444,-146.240330649
2185.000,0.155312212164,-16.175887889,-146.357985866
2190.000,0.154342199711,-16.230306288,-146.474956483
2195.000,0.153384033833,-16.284396899,-146.588747507
2200.000,0.15244014788,-16.338012772,-146.701658372
2205.000,0.151478918916,-16.392956061,-146.819301730
2210.000,0.150533425143,-16.447341132,-146.933495496
2215.000,0.149596772317,-16.501555533,-147.046853805
2220.000,0.148670908962,-16.555480066,-147.159396972
2225.000,0.147739201221,-16.610085068,-147.275753355
2230.000,0.146822756518,-16.664132531,-147.383816773
2235.000,0.145909581904,-16.718323740,-147.496203523
2240.000,0.144997669254,-16.772779574,-147.611773435
2245.000,0.144102036312,-16.826597642,-147.718126999
2250.000,0.143225687308,-16.879581700,-147.831717727
2255.000,0.142321290598,-16.934602533,-147.937540635
2260.000,0.141435278988,-16.988844971,-148.046102696
2265.000,0.140559509413,-17.042795346,-148.155156878
2270.000,0.139687422885,-17.096853899,-148.262795495
2275.000,0.138820199924,-17.150946690,-148.370990704
2280.000,0.137957180939,-17.205113775,-148.477297713
2285.000,0.137100418593,-17.259224385,-148.585222330
2290.000,0.136249259448,-17.313316991,-148.693410270
2295.000,0.135404256957,-17.367353634,-148.798661859
2300.000,0.134568706241,-17.421118459,-148.903588975
2305.000,0.133729606002,-17.475448698,-149.009204527
2310.000,0.132902365409,-17.529345787,-149.113749127
2315.000,0.132081228097,-17.583178033,-149.219609124
2320.000,0.131265939401,-17.636958981,-149.322664667
2325.000,0.130449988345,-17.691119107,-149.428075519
2330.000,0.129639616963,-17.745245216,-149.528455096
2335.000,0.128838282228,-17.799101483,-149.633095930
2340.000,0.128038428238,-17.853193315,-149.733615108
2345.000,0.127248745868,-17.906929785,-149.836918966
2350.000,0.126459815241,-17.960949141,-149.936175517
2355.000,0.125672470099,-18.015196975,-150.037624161
2360.000,0.124895159483,-18.069087862,-150.140583605
2365.000,0.124125763008,-18.122761377,-150.240907298
2370.000,0.123359953907,-18.176516031,-150.340619998
2375.000,0.122590592191,-18.230857141,-150.441808761
2380.000,0.121837376808,-18.284389201,-150.538748815
2385.000,0.121081433247,-18.338448938,-150.637580134
2390.000,0.120329830005,-18.392533937,-150.734592430
2395.000,0.119586200864,-18.446378620,-150.832576595
2400.000,0.118840521203,-18.500709043,-150.923558168
2405.000,0.118109682288,-18.554289975,-151.028372029
2410.000,0.117373740177,-18.608581123,-151.124673504
2415.000,0.116655400939,-18.661902987,-151.222038019
2420.000,0.11593469808,-18.715731293,-151.318059708
2425.000,0.115215151515,-18.769808094,-151.412401952
2430.000,0.114501278742,-18.823793263,-151.508612044
2435.000,0.113794650658,-18.877563062,-151.604238726
2440.000,0.113088964627,-18.931595441,-151.702477294
2445.000,0.112392362514,-18.985263994,-151.795097529
2450.000,0.111689692582,-19.039738089,-151.881951451
2455.000,0.111002178378,-19.093369965,-151.980313804
2460.000,0.110319040612,-19.146990473,-152.076193331
2465.000,0.10963531705,-19.200990463,-152.166029330
2470.000,0.108950444449,-19.255419875,-152.259032256
2475.000,0.108276498311,-19.309315957,-152.351030167
2480.000,0.107614526832,-19.362581990,-152.445363928
2485.000,0.10694243841,-19.416998354,-152.534946175
2490.000,0.106279957709,-19.470972542,-152.627049869
2495.000,0.105621509301,-19.524952617,-152.718824872
2500.000,0.104926442543,-19.582301027,-152.782829899
2505.000,0.104318499166,-19.632773396,-152.898452661
2510.000,0.103671025954,-19.686852071,-152.988533391
2515.000,0.103029180248,-19.740795113,-153.077186673
2520.000,0.102387967547,-19.795021558,-153.172132683
2525.000,0.101756926204,-19.848720407,-153.257594443
2530.000,0.101127531337,-19.902611887,-153.344615755
2535.000,0.100497577825,-19.956888108,-153.433218808
2540.000,0.0998741530876,-20.010937808,-153.520787785
2545.000,0.0992549535495,-20.064956191,-153.610369518
2550.000,0.0986424012429,-20.118727286,-153.697246198
2555.000,0.0980277012403,-20.173023630,-153.784052293
2560.000,0.0974181970391,-20.227198247,-153.874026134
2565.000,0.0968158294962,-20.281072585,-153.955537207
2570.000,0.0962111383142,-20.335492940,-154.042670464
2575.000,0.0956173190839,-20.389268744,-154.128966660
2580.000,0.0950155540506,-20.444105897,-154.214161591
2585.000,0.0944288850671,-20.497902761,-154.299513197
2590.000,0.0938470464445,-20.551587819,-154.385296310
2595.000,0.0932618802523,-20.605916660,-154.469518694
2600.000,0.0926816362104,-20.660126155,-154.544603890
2605.000,0.0921027679756,-20.714546354,-154.637729280
2610.000,0.0915311582006,-20.768620844,-154.722591689
2615.000,0.0909596448481,-20.823024880,-154.807116375
2620.000,0.0903953040222,-20.877082605,-154.890969797
2625.000,0.0898168474215,-20.932843856,-154.974045516
2630.000,0.089269187373,-20.985968373,-155.054062765
2635.000,0.0887120542359,-21.040347280,-155.139263474
2640.000,0.0881584674482,-21.094719365,-155.220414056
2645.000,0.0876104504172,-21.148881738,-155.301363390
2650.000,0.087056962483,-21.203929799,-155.384904775
2655.000,0.0865200082589,-21.257668956,-155.466733100
2660.000,0.085982965082,-21.311751650,-155.544150977
2665.000,0.085439954081,-21.366779874,-155.626057505
2670.000,0.0849052427177,-21.421309843,-155.708901318
2675.000,0.0843793985472,-21.475271492,-155.792172728
2680.000,0.0838487016588,-21.530073155,-155.868426917
2685.000,0.0833233806265,-21.584662360,-155.948908873
2690.000,0.0827975256588,-21.639652832,-156.028578495
2695.000,0.0822844311828,-21.693646574,-156.107650005
2700.000,0.081768391328,-21.748290925,-156.192329296
2705.000,0.081253633756,-21.803144155,-156.265689385
2710.000,0.0807443886563,-21.857752986,-156.343695860
2715.000,0.0802352219323,-21.912698836,-156.421547550
2720.000,0.0797242524545,-21.968190886,-156.498562146
2725.000,0.0792305946401,-22.022141692,-156.579600921
2730.000,0.0787351269965,-22.076629354,-156.655324074
2735.000,0.0782369679434,-22.131759778,-156.734881794
2740.000,0.0777490384849,-22.186099463,-156.813372611
2745.000,0.0772569582697,-22.241247894,-156.886875984
2750.000,0.0767668422785,-22.296526465,-156.972428779
2755.000,0.0762877707094,-22.350901519,-157.042457990
2760.000,0.0758118832269,-22.405254300,-157.114548753
2765.000,0.0753236123048,-22.461377213,-157.192267276
2770.000,0.0748473161168,-22.516475360,-157.268241836
2775.000,0.0743738548181,-22.571594166,-157.344553440
2780.000,0.0739047517789,-22.626552746,-157.420807005
2785.000,0.073439085612,-22.681454783,-157.494721053
2790.000,0.0729721288049,-22.736859679,-157.570154293
2795.000,0.072511543128,-22.791857050,-157.644426864
2800.000,0.0720541245169,-22.846823086,-157.718740162
2805.000,0.0715934528128,-22.902533838,-157.794124136
2810.000,0.0711389660918,-22.957849020,-157.864542309
2815.000,0.0706846700008,-23.013495304,-157.940956579
2820.000,0.070239358647,-23.068389252,-158.010531323
2825.000,0.0697926782992,-23.123802705,-158.088829485
2830.000,0.0693487598751,-23.179226015,-158.162947981
2835.000,0.0689040098676,-23.235110072,-158.233870677
2840.000,0.0684594811473,-23.291327934,-158.307089015
2845.000,0.0680278948991,-23.346259359,-158.379834440
2850.000,0.0675897933596,-23.402377626,-158.446833526
2855.000,0.0671624410376,-23.457470554,-158.523103274
2860.000,0.0667333336792,-23.513143587,-158.594290886
2865.000,0.0663044819825,-23.569142272,-158.665733038
2870.000,0.0658807876596,-23.624824342,-158.734862215
2875.000,0.06546196826,-23.680218816,-158.808351488
2880.000,0.0650375352858,-23.736718509,-158.877521007
2885.000,0.0646234260401,-23.792200428,-158.949754213
2890.000,0.0642075756006,-23.848274564,-159.021053824
2895.000,0.0637908361271,-23.904834107,-159.092162992
2900.000,0.0633938109641,-23.959062790,-159.164701132
2905.000,0.0629751380525,-24.016617436,-159.233282226
2910.000,0.0625636907942,-24.073552781,-159.302855188
2915.000,0.0621622637245,-24.129463570,-159.374924680
2920.000,0.0617629235251,-24.185443100,-159.444209591
2925.000,0.0613630307292,-24.241863973,-159.506064722
2930.000,0.0609666628937,-24.298151522,-159.581499537
2935.000,0.0605691667525,-24.354968017,-159.647564474
2940.000,0.0601806934104,-24.410856251,-159.718588688
2945.000,0.059788865432,-24.467593756,-159.785817324
2950.000,0.0593993767065,-24.524362243,-159.849844685
2955.000,0.0590116090175,-24.581250873,-159.922416169
2960.000,0.0586303424569,-24.637551382,-159.987916211
2965.000,0.0582470566399,-24.694520313,-160.056890727
2970.000,0.057865957136,-24.751537180,-160.124669072
2975.000,0.0574873678177,-24.808551520,-160.193493001
2980.000,0.0571178805866,-24.864558317,-160.259701318
2985.000,0.056739133003,-24.922346094,-160.326606073
2990.000,0.0563685881571,-24.979256853,-160.395078225
2995.000,0.0560009369382,-25.036094137,-160.461655730
3000.000,0.0556398845469,-25.092275597,-160.511396338
3005.000,0.0552654205753,-25.150930412,-160.595523478
3010.000,0.0549008997715,-25.208410757,-160.660660557
3015.000,0.0545416535683,-25.265433989,-160.726969043
3020.000,0.0541849537513,-25.322425860,-160.793739239
3025.000,0.0538252649507,-25.380276474,-160.856239445
3030.000,0.05347104911,-25.437625898,-160.920097179
3035.000,0.0531142330288,-25.495781707,-160.991147230
3040.000,0.0527625289246,-25.553487935,-161.058902708
3045.000,0.0524155065444,-25.610804256,-161.120611609
3050.000,0.0520667887847,-25.668784132,-161.189178119
3055.000,0.051721308594,-25.726609912,-161.249728345
3060.000,0.0513751325962,-25.784940885,-161.312118406
3065.000,0.0510353197358,-25.842583201,-161.379490214
3070.000,0.0506942099368,-25.900832820,-161.442759055
3075.000,0.0503635537573,-25.957672655,-161.509093414
3080.000,0.0500254446417,-26.016180851,-161.568185382
3085.000,0.0496856751489,-26.075376089,-161.634659954
3090.000,0.0493511171091,-26.134060244,-161.700222276
3095.000,0.0490223306923,-26.192120894,-161.763382725
3100.000,0.048689035618,-26.251376548,-161.828034327
3105.000,0.0483674492742,-26.308936303,-161.887305994
3110.000,0.0480421553683,-26.367550332,-161.952104360
3115.000,0.0477144890796,-26.426994444,-162.014559432
3120.000,0.0473957704182,-26.485208258,-162.072053589
3125.000,0.0470509810933,-26.548626327,-162.133599719
3130.000,0.0467535770019,-26.603703134,-162.203097710
3135.000,0.0464375235115,-26.662618980,-162.262206434
3140.000,0.0461249170879,-26.721288030,-162.318727662
3145.000,0.0458103395259,-26.780729788,-162.389476736
3150.000,0.0454997968553,-26.839810847,-162.448895168
3155.000,0.0451897569863,-26.899199883,-162.512069164
3160.000,0.0448790734961,-26.959122349,-162.574298056
3165.000,0.0445720580858,-27.018746244,-162.635546524
3170.000,0.0442683155705,-27.078140056,-162.695251783
3175.000,0.0439605954461,-27.138728674,-162.753825893
3180.000,0.0436620413917,-27.197919260,-162.817017658
3185.000,0.0433604369042,-27.258127009,-162.880860013
3190.000,0.0430675082018,-27.317005098,-162.943819307
3195.000,0.0427679658328,-27.377628111,-163.002805211
3200.000,0.0424627874488,-27.439830004,-163.049458537
3205.000,0.0421798568208,-27.497897976,-163.119568880
3210.000,0.0418867626194,-27.558464089,-163.179090392
3215.000,0.0415971072594,-27.618737399,-163.240875653
3220.000,0.0413070907985,-27.679507814,-163.307030484
3225.000,0.0410191686679,-27.740262914,-163.364050827
3230.000,0.040735104117,-27.800623386,-163.422397399
3235.000,0.0404503928046,-27.861545134,-163.479523929
3240.000,0.040168414509,-27.922306200,-163.538583739
3245.000,0.0398859370047,-27.983604020,-163.597402655
3250.000,0.0396005417047,-28.045977464,-163.661066520
3255.000,0.0393289779691,-28.105746787,-163.717082456
3260.000,0.0390500509294,-28.167567908,-163.772575496
3265.000,0.0387773979419,-28.228426730,-163.832771185
3270.000,0.0385049878328,-28.289660190,-163.892761921
3275.000,0.0382297004659,-28.351982094,-163.955667095
3280.000,0.0379603881662,-28.413387106,-164.006262425
3285.000,0.0376898173834,-28.475519336,-164.068182751
3290.000,0.0374221571783,-28.537423629,-164.124462052
3295.000,0.0371572932296,-28.599118605,-164.185665719
3300.000,0.0368843712236,-28.663152313,-164.236058555
3305.000,0.0366289665602,-28.723506685,-164.300594164
3310.000,0.0363673322098,-28.785771124,-164.354585896
3315.000,0.0361045440995,-28.848762691,-164.412738927
3320.000,0.0358469627326,-28.910952713,-164.470150144
3325.000,0.0355876910254,-28.974003773,-164.527167790
3330.000,0.0353317835812,-29.036688768,-164.589546985
3335.000,0.03507992498,-29.098826881,-164.641272655
3340.000,0.0348233982426,-29.162577010,-164.696821519
3345.000,0.034572132498,-29.225476625,-164.760978410
3350.000,0.0343232284559,-29.288237380,-164.824266674
3355.000,0.0340743748463,-29.351442066,-164.869452870
3360.000,0.033824998724,-29.415244222,-164.925791263
3365.000,0.0335742113574,-29.479883598,-164.985447836
3370.000,0.0333332983697,-29.542434205,-165.044836583
3375.000,0.0330920690935,-29.605521551,-165.087051129
3380.000,0.0328468186518,-29.670133745,-165.149126639
3385.000,0.0326030701033,-29.734830044,-165.206285997
3390.000,0.0323630677096,-29.799006363,-165.260621649
3395.000,0.0321219551845,-29.863960563,-165.320870384
3400.000,0.0318827264969,-29.928890928,-165.371235398
3405.000,0.0316499690507,-29.992534207,-165.431024667
3410.000,0.0314141167098,-30.057502942,-165.477500240
3415.000,0.0311822948427,-30.121838526,-165.538181379
3420.000,0.0309453220026,-30.188099878,-165.599653191
3425.000,0.0307142067136,-30.253213943,-165.649948731
3430.000,0.0304861592188,-30.317945731,-165.706236592
3435.000,0.0302544636439,-30.384210838,-165.762322113
3440.000,0.0300312400071,-30.448534703,-165.820182911
3445.000,0.0298028811263,-30.514834989,-165.870847320
3450.000,0.0295781365735,-30.580583802,-165.931353209
3455.000,0.0293537685605,-30.646722686,-165.980596580
3460.000,0.0291322708783,-30.712513211,-166.032584673
3465.000,0.0289097684425,-30.779107737,-166.088906406
3470.000,0.0286882961534,-30.845904889,-166.143858757
3475.000,0.0284702206999,-30.912183324,-166.196684916
3480.000,0.0282498478324,-30.979677743,-166.246094151
3485.000,0.0280369368197,-31.045388741,-166.302965089
3490.000,0.0278214327753,-31.112410161,-166.360392376
3495.000,0.0276067621884,-31.179690517,-166.410239129
3500.000,0.0274035721189,-31.243856444,-166.446171230
3505.000,0.0271813416287,-31.314582220,-166.517261512
3510.000,0.0269681983067,-31.382961339,-166.570173613
3515.000,0.0267615447094,-31.449776443,-166.622116979
3520.000,0.0265537322288,-31.517488571,-166.676236512
3525.000,0.0263431461259,-31.586647182,-166.731403959
3530.000,0.0261401427496,-31.653840902,-166.782504417
3535.000,0.025932690724,-31.723048387,-166.835863166
3540.000,0.0257304353557,-31.791057310,-166.890506657
3545.000,0.0255264988483,-31.860174957,-166.941424265
3550.000,0.0253260220421,-31.928660390,-166.996240893
3555.000,0.0251245048464,-31.998049771,-167.051769103
3560.000,0.0249210325276,-32.068679359,-167.090329742
3565.000,0.0247262496788,-32.136834994,-167.153390988
3570.000,0.0245300160035,-32.206043369,-167.203104047
3575.000,0.0243309122048,-32.276832167,-167.260531752
3580.000,0.0241365367321,-32.346500904,-167.308979029
3585.000,0.0239402383562,-32.417430599,-167.358556271
3590.000,0.023748947213,-32.487112756,-167.407795506
3595.000,0.0235568651924,-32.557650067,-167.464465490
3600.000,0.0233559214834,-32.632059868,-167.499170623
3605.000,0.0231760425366,-32.699214414,-167.566883901
3610.000,0.0229880896084,-32.769942373,-167.613554556
3615.000,0.0228004908044,-32.841116085,-167.670421718
3620.000,0.0226140992991,-32.912414103,-167.722921104
3625.000,0.0224260663899,-32.984937930,-167.768134127
3630.000,0.0222428657119,-33.056185203,-167.822293014
3635.000,0.0220592271274,-33.128194154,-167.876608529
3640.000,0.0218759011681,-33.200680947,-167.937680213
3645.000,0.0216948742571,-33.272857254,-167.977031503
3650.000,0.0215128959141,-33.346022480,-168.020470613
3655.000,0.0213344635743,-33.418365448,-168.079624157
3660.000,0.0211552647916,-33.491630688,-168.130723037
3665.000,0.0209782230143,-33.564626040,-168.178138836
3670.000,0.0208012404129,-33.638215331,-168.234776769
3675.000,0.0206262373665,-33.711599774,-168.287363707
3680.000,0.0204522737583,-33.785168056,-168.320280285
3685.000,0.0202770412457,-33.859908309,-168.377614722
3690.000,0.0201060154662,-33.933479754,-168.430492472
3695.000,0.0199335061416,-34.008326114,-168.481795881
3700.000,0.0197592633583,-34.084585006,-168.544830426
3705.000,0.0195927826674,-34.158077578,-168.583464762
3710.000,0.0194244358975,-34.233031693,-168.625348965
3715.000,0.0192561235889,-34.308622707,-168.677762618
3720.000,0.0190902893091,-34.383749798,-168.736192325
3725.000,0.0189241290373,-34.459681986,-168.781941340
3730.000,0.018757643267,-34.536434556,-168.838179561
3735.000,0.0185954943078,-34.611845454,-168.880371536
3740.000,0.0184283807262,-34.690256478,-168.932179882
3745.000,0.018268297158,-34.766038653,-168.983617673
3750.000,0.0181200884439,-34.836793737,-169.046592794
3755.000,0.017946768381,-34.920274842,-169.078520588
3760.000,0.0177853041257,-34.998774081,-169.106012656
3765.000,0.0176294512788,-35.075224100,-169.177334140
3770.000,0.0174721947498,-35.153050764,-169.228798193
3775.000,0.0173127366381,-35.232685548,-169.272701427
3780.000,0.0171578903695,-35.310722229,-169.319720821
3785.000,0.0170047749255,-35.388582240,-169.371185856
3790.000,0.0168506707051,-35.467656166,-169.418398029
3795.000,0.0166957500561,-35.547881310,-169.467945854
3800.000,0.0165433775882,-35.627516355,-169.527430837
3805.000,0.0163934146346,-35.706611530,-169.562564568
3810.000,0.0162444732793,-35.785887318,-169.612801030
3815.000,0.0160922086091,-35.867686923,-169.667754843
3820.000,0.0159457605871,-35.947095216,-169.704492622
3825.000,0.0158005602562,-36.026550271,-169.751724001
3830.000,0.0156484434786,-36.110577089,-169.818565503
3835.000,0.01550385905,-36.191203771,-169.858193685
3840.000,0.0153573360997,-36.273682219,-169.908394236
3845.000,0.01521308296,-36.355655329,-169.952893733
3850.000,0.0150690487792,-36.438283226,-170.004060853
3855.000,0.0149280156226,-36.519958382,-170.049136859
3860.000,0.0147849875008,-36.603580766,-170.096801160
3865.000,0.0146448625718,-36.686293988,-170.147524459
3870.000,0.0145027859902,-36.770971233,-170.192553969
3875.000,0.0143597335726,-36.857072357,-170.275159420
3880.000,0.0142295157486,-36.936197587,-170.271515964
3885.000,0.014088171545,-37.022907376,-170.330433867
3890.000,0.0139513650958,-37.107665920,-170.388728626
3895.000,0.0138138772531,-37.193688147,-170.425799669
3900.000,0.0136850568578,-37.275067877,-170.477078581
3905.000,0.0135458428449,-37.363879345,-170.522924917
3910.000,0.0134115352043,-37.450430121,-170.562946826
3915.000,0.0132798862325,-37.536112910,-170.619430992
3920.000,0.0131428902257,-37.626182390,-170.655166987
3925.000,0.0130138223,-37.711902555,-170.708483139
3930.000,0.0128843293783,-37.798763626,-170.771743805
3935.000,0.0127571284703,-37.884941418,-170.807399759
3940.000,0.0126235956555,-37.976338495,-170.849907187
3945.000,0.0125002809559,-38.061604514,-170.904390676
3950.000,0.0123731021681,-38.150428019,-170.927774264
3955.000,0.0122455497414,-38.240434265,-171.000563206
3960.000,0.0121222174852,-38.328358571,-171.053896958
3965.000,0.0119948729121,-38.420086982,-171.088804451
3970.000,0.0118691801552,-38.511585564,-171.132844736
3975.000,0.0117512463908,-38.598321354,-171.188019899
3980.000,0.0116259200214,-38.691453381,-171.240919447
3985.000,0.0115029834356,-38.783790112,-171.271899488
3990.000,0.0113822271259,-38.875455051,-171.329085491
3995.000,0.0112610895539,-38.968391756,-171.372451078
4000.000,0.0111356688734,-39.065673832,-171.445341027
4005.000,0.0110236589617,-39.153484619,-171.463094801
4010.000,0.0109067242538,-39.246113333,-171.498154078
4015.000,0.0107902930776,-39.339335184,-171.554260935
4020.000,0.0106716263175,-39.435387812,-171.583256899
4025.000,0.0105591722152,-39.527402538,-171.641516923
4030.000,0.0104426974517,-39.623746086,-171.690694500
4035.000,0.0103267312294,-39.720742522,-171.729727387
4040.000,0.010210456913,-39.819096460,-171.794088574
4045.000,0.0101005737589,-39.913079112,-171.825514393
4050.000,0.00999149082524,-40.007394122,-171.873408202
4055.000,0.0098793349387,-40.105445809,-171.914731333
4060.000,0.00976814394542,-40.203758983,-171.959497438
4065.000,0.00965701147096,-40.303145054,-172.019648681
4070.000,0.00954968100842,-40.400222702,-172.057590223
4075.000,0.00943890310887,-40.501569439,-172.108018330
4080.000,0.00933167463492,-40.600808241,-172.149677759
4085.000,0.00922507848951,-40.700598601,-172.196742896
4090.000,0.00912056217268,-40.799567837,-172.231758008
4095.000,0.00901232727191,-40.903260916,-172.278352455
4100.000,0.00890868066306,-41.003732167,-172.324979357
4105.000,0.00880587667114,-41.104548025,-172.370792186
4110.000,0.0087023878788,-41.207231269,-172.416894930
4115.000,0.00859831410552,-41.311733874,-172.472778127
4120.000,0.00850019188554,-41.411425406,-172.493404036
4125.000,0.00839416021702,-41.520454916,-172.546316076
4130.000,0.00829426844884,-41.624438251,-172.604562774
4135.000,0.00819406340024,-41.730013602,-172.644576828
4140.000,0.00809280664589,-41.838016714,-172.682911922
4145.000,0.0079982060529,-41.940148232,-172.749634410
4150.000,0.0079031227636,-42.044025437,-172.771469054
4155.000,0.00780263791289,-42.155170927,-172.823050753
4160.000,0.00770242545531,-42.267449923,-172.875698245
4165.000,0.00761064701357,-42.371568409,-172.904834972
4170.000,0.00751454192713,-42.481949762,-172.961870749
4175.000,0.00742011244687,-42.591790265,-173.006380088
4180.000,0.00732626525522,-42.702347226,-173.027495410
4185.000,0.00723461876381,-42.811686991,-173.094820478
4190.000,0.00714188613417,-42.923741564,-173.122288741
4195.000,0.0070488225027,-43.037668506,-173.182640502
4200.000,0.00696266443254,-43.144490705,-173.185088935
4205.000,0.00686791010344,-43.263507962,-173.277455947
4210.000,0.00677756668096,-43.378524019,-173.313503954
4215.000,0.00668934683102,-43.492325721,-173.356617524
4220.000,0.00660052689427,-43.608427901,-173.408082147
4225.000,0.00651413403372,-43.722866194,-173.467526146
4230.000,0.006425627318,-43.841689337,-173.488376935
4235.000,0.0063403003043,-43.957803431,-173.536349471
4240.000,0.00625752150342,-44.071952986,-173.580610242
4245.000,0.00616889945909,-44.195846157,-173.625739869
4250.000,0.00607130371717,-44.334360820,-173.627665676
4255.000,0.00599953344505,-44.437650426,-173.692747010
4260.000,0.00591868361247,-44.555497499,-173.745668678
4265.000,0.00583397808291,-44.680704135,-173.777839683
4270.000,0.00575074805724,-44.805513172,-173.848905725
4275.000,0.00566746965016,-44.932215938,-173.864125712
4280.000,0.00558925587545,-45.052920160,-173.932534071
4285.000,0.00550878148607,-45.178889084,-173.968052639
4290.000,0.00542865371857,-45.306157202,-174.020823604
4295.000,0.0053504645492,-45.432170182,-174.067273412
4300.000,0.00527437663024,-45.556577231,-174.103914111
4305.000,0.00519577111505,-45.686999776,-174.148385663
4310.000,0.00511884479634,-45.816560762,-174.195172218
4315.000,0.00504311958212,-45.946014675,-174.239108359
4320.000,0.00496929199542,-46.074109668,-174.278158258
4325.000,0.00489315169412,-46.208226407,-174.334512159
4330.000,0.0048181120871,-46.342462019,-174.361293175
4335.000,0.00474597217342,-46.473496249,-174.406019395
4340.000,0.00467254155433,-46.608936552,-174.475267991
4345.000,0.00459991993317,-46.744994553,-174.498906348
4350.000,0.00452596406889,-46.885777964,-174.513061674
4355.000,0.00445557592204,-47.021923033,-174.580496131
4360.000,0.0043872459616,-47.156160342,-174.645521243
4365.000,0.00431303298633,-47.304344407,-174.679112727
4370.000,0.00424565570883,-47.441104536,-174.743392134
4375.000,0.00415732779528,-47.623714621,-174.771996905
4380.000,0.00410774999662,-47.727919921,-174.819522648
4385.000,0.00404203723181,-47.867993809,-174.849428817
4390.000,0.00397436791692,-48.014638633,-174.886865803
4395.000,0.00390639019583,-48.164487574,-174.926801297
4400.000,0.00383827680776,-48.317274163,-174.950700282
4405.000,0.00377639818066,-48.458444405,-175.016639812
4410.000,0.00371262335796,-48.606382146,-175.061994275
4415.000,0.00364768586937,-48.759651384,-175.099507617
4420.000,0.00358207251363,-48.917312535,-175.165021748
4425.000,0.0035177392034,-49.074727224,-175.154360777
4430.000,0.00345771220366,-49.224223145,-175.231304586
4435.000,0.00339751844549,-49.376763535,-175.272663402
4440.000,0.00333539925675,-49.537043447,-175.328370123
4445.000,0.00327328889126,-49.700313268,-175.357974073
4450.000,0.00321540458163,-49.855287475,-175.344722699
4455.000,0.00315608851979,-50.017016490,-175.448542034
4460.000,0.00309730033601,-50.180333607,-175.516792760
4465.000,0.00303744131345,-50.349842087,-175.497303303
4470.000,0.00298176166545,-50.510541460,-175.586354196
4475.000,0.00292680871675,-50.672113204,-175.633135181
4480.000,0.00286666257974,-50.852468453,-175.684655522
4485.000,0.00281196208351,-51.019810793,-175.697569897
4490.000,0.00275873843433,-51.185789491,-175.748153481
4495.000,0.00270246576926,-51.364795966,-175.781173862
4500.000,0.00264910778209,-51.538007431,-175.640701572
4505.000,0.00259399241898,-51.720625950,-175.898129886
4510.000,0.00254341955173,-51.891639891,-175.896159276
4515.000,0.00248848952493,-52.081283661,-175.962190733
4520.000,0.00243569253711,-52.267550691,-175.937741557
4525.000,0.00238803431726,-52.439188729,-175.982312139
4530.000,0.00233338847019,-52.640259048,-176.081669892
4535.000,0.00228435287298,-52.824736161,-176.132322966
4540.000,0.0022361818047,-53.009857812,-176.197400816
4545.000,0.00218631181965,-53.205757947,-176.201777790
4550.000,0.00213657465797,-53.405638542,-176.326498324
4555.000,0.00209037061336,-53.595534172,-176.307242619
4560.000,0.00204151553078,-53.800946237,-176.370675686
4565.000,0.00199699546763,-53.992458416,-176.342863088
4570.000,0.00194768617956,-54.209620348,-176.365628475
4575.000,0.00190618176878,-54.396713770,-176.438804548
4580.000,0.0018582634901,-54.617854115,-176.444016183
4585.000,0.00181304231651,-54.831841187,-176.532845391
4590.000,0.00177169833093,-55.032204479,-176.558812773
4595.000,0.00172510797602,-55.263674337,-176.675288686
4600.000,0.00169826720894,-55.399879518,-176.894169260
4605.000,0.00164130716876,-55.696202672,-176.705418246
4610.000,0.00160225480762,-55.905368333,-176.746694138
4615.000,0.00155773200775,-56.150145125,-176.741269148
4620.000,0.00152005548314,-56.362811194,-176.793654718
4625.000,0.00148225335114,-56.581551182,-176.858764615
4630.000,0.00143807525822,-56.844367712,-176.888872633
4635.000,0.00139952334589,-57.080397051,-176.969479559
4640.000,0.00136724598243,-57.283066882,-177.057847829
4645.000,0.00132229279961,-57.573447339,-177.007007515
4650.000,0.0012865479474,-57.811480475,-177.055399909
4655.000,0.00124752503023,-58.079014639,-177.122932009
4660.000,0.00121293780033,-58.323229385,-177.257003355
4665.000,0.00117532927408,-58.596808934,-177.255882665
4670.000,0.0011436373355,-58.834233500,-177.272257967
4675.000,0.00110747876458,-59.113291849,-177.370658535
4680.000,0.00107427691798,-59.377675109,-177.499333296
4685.000,0.00104012696352,-59.658272903,-177.584620607
4690.000,0.00100596732772,-59.948322485,-177.429396374
4695.000,0.000975704028975,-60.213638033,-177.489465012
4700.000,0.000939896073342,-60.538403295,-177.490019079
4705.000,0.000914322185517,-60.778014844,-177.658089450
4710.000,0.000880112881106,-61.109232455,-177.601291585
4715.000,0.000852137205754,-61.389809445,-177.630875653
4720.000,0.000820204217761,-61.721560035,-177.568923959
4725.000,0.00079117456496,-62.034553662,-177.645669327
4730.000,0.000765290084048,-62.323478277,-177.940863818
4735.000,0.000736927497032,-62.651504766,-178.085645370
4740.000,0.000703434839194,-63.055522521,-177.461998893
4745.000,0.000683036631106,-63.311120092,-177.829874617
4750.000,0.000652589685431,-63.707195896,-177.641262794
4755.000,0.000625856231999,-64.070508378,-178.172097275
4760.000,0.000603327766245,-64.388933744,-178.264091131
4765.000,0.000575687542359,-64.796263368,-178.031142409
4770.000,0.000551130811091,-65.174906179,-177.953379571
4775.000,0.000533922290721,-65.450438948,-178.318724112
4780.000,0.000499446406995,-66.030222137,-178.124560912
4785.000,0.000480767952055,-66.361289801,-178.023213879
4790.000,0.000460985207701,-66.726260204,-178.193494526
4795.000,0.000439888164287,-67.133154461,-178.357257548
4800.000,0.000410792032496,-67.727559767,-179.402682370
4805.000,0.000395301215741,-68.061437000,-178.561460834
4810.000,0.00037852455638,-68.438118817,-178.821678093
4815.000,0.000356461758467,-68.959741096,-178.851137886
4820.000,0.000335820352477,-69.477859737,-178.488072671
4825.000,0.00031718261292,-69.973812551,-177.170272448
4830.000,0.000307220212937,-70.251004283,-178.180221319
4835.000,0.000285229228923,-70.896119442,-178.768314415
4840.000,0.00026340612054,-71.587482759,-179.364056044
4845.000,0.000247103466922,-72.142423226,-178.848144813
4850.000,0.000235079652669,-72.575699193,-179.695373054
4855.000,0.000221208058766,-73.103981108,-179.628203494
4860.000,0.000209938404989,-73.558162134,-179.072743497
4865.000,0.000187901074824,-74.521414713,-179.687063496
4870.000,0.000174419599763,-75.168094288,179.944823089
4875.000,0.000162818466974,-75.765926774,180.000000000
4880.000,0.000157000922449,-76.081955918,179.895984815
4885.000,0.000145583366804,-76.737764824,-179.741667377
4890.000,0.000123371094411,-78.175731653,-177.345243924
4895.000,0.00011001580774,-79.170898166,-177.448686070
4900.000,8.93174370924e-05,-80.981274945,-174.750411514
4905.000,8.83512338335e-05,-81.075747623,-176.723719730
4910.000,8.6064241442e-05,-81.303545094,-177.402116367
4915.000,8.33192679913e-05,-81.585091085,-177.865185868
4920.000,7.94389948701e-05,-81.999325191,-178.693120121
4925.000,7.16749102508e-05,-82.892656844,-179.838672428
4930.000,5.9866699767e-05,-84.456293645,-179.374193508
4935.000,4.25306374197e-05,-87.425962167,-179.867596960
4940.000,3.20721270439e-05,-89.877444729,179.489355250
4945.000,2.39299906732e-05,-92.421149413,-179.516847671
4950.000,2.09797623213e-05,-93.563988724,179.301747698
4955.000,6.14926857414e-06,-104.223530768,179.480474218
4960.000,2.55679721279e-20,-391.846074316,26.038715660
4965.000,6.62811325655e-21,-403.572201585,-21.203112900
4970.000,2.22874551466e-20,-393.038790357,-41.255575691
4975.000,2.41975193871e-21,-412.324583070,-78.080351728
4980.000,1.75521461521e-20,-395.113395470,-123.544355109
4985.000,2.25347620998e-21,-412.942940449,66.518609317
4990.000,1.34930327152e-20,-397.397808533,170.168089955
4995.000,6.54594459356e-21,-403.680553500,-22.682601691
5000.000,4.67172808098e-21,-406.610448867,90.000000000
