time,input,output
0.000000000,0.000000000,0.000000000
0.000100000,0.247192383,0.016662598
0.000200000,0.470214844,0.084045410
0.000300000,0.647155762,0.212951660
0.000400000,0.760803223,0.379089355
0.000500000,0.799987793,0.545593262
0.000600000,0.760803223,0.677673340
0.000700000,0.647155762,0.749572754
0.000800000,0.470214844,0.747375488
0.000900000,0.247192383,0.668640137
0.001000000,0.000000000,0.520812988
0.001100000,-0.247192383,0.319274902
0.001200000,-0.470214844,0.084899902
0.001300000,-0.647155762,-0.158508301
0.001400000,-0.760803223,-0.386535645
0.001500000,-0.799987793,-0.576599121
0.001600000,-0.760803223,-0.710021973
0.001700000,-0.647155762,-0.773742676
0.001800000,-0.470214844,-0.761657715
0.001900000,-0.247192383,-0.674987793
0.002000000,0.000000000,-0.522155762
0.002100000,0.247192383,-0.318176270
0.002200000,0.470214844,-0.083068848
0.002300000,0.647155762,0.160095215
0.002400000,0.760803223,0.387634277
0.002500000,0.799987793,0.577209473
0.002600000,0.760803223,0.710266113
0.002700000,0.647155762,0.773742676
0.002800000,0.470214844,0.761535645
0.002900000,0.247192383,0.674743652
0.003000000,0.000000000,0.521911621
0.003100000,-0.247192383,0.318054199
0.003200000,-0.470214844,0.083068848
0.003300000,-0.647155762,-0.160095215
0.003400000,-0.760803223,-0.387634277
0.003500000,-0.799987793,-0.577209473
0.003600000,-0.760803223,-0.710266113
0.003700000,-0.647155762,-0.773742676
0.003800000,-0.470214844,-0.761535645
0.003900000,-0.247192383,-0.674743652
0.004000000,0.000000000,-0.521911621
0.004100000,0.247192383,-0.318054199
0.004200000,0.470214844,-0.083068848
0.004300000,0.647155762,0.160095215
0.004400000,0.760803223,0.387634277
0.004500000,0.799987793,0.577209473
0.004600000,0.760803223,0.710266113
0.004700000,0.647155762,0.773742676
0.004800000,0.470214844,0.761535645
0.004900000,0.247192383,0.674743652
0.005000000,0.000000000,0.521911621
0.005100000,-0.247192383,0.318054199
0.005200000,-0.470214844,0.083068848
0.005300000,-0.647155762,-0.160095215
0.005400000,-0.760803223,-0.387634277
0.005500000,-0.799987793,-0.577209473
0.005600000,-0.760803223,-0.710266113
0.005700000,-0.647155762,-0.773742676
0.005800000,-0.470214844,-0.761535645
0.005900000,-0.247192383,-0.674743652
0.006000000,0.000000000,-0.521911621
0.006100000,0.247192383,-0.318054199
0.006200000,0.470214844,-0.083068848
0.006300000,0.647155762,0.160095215
0.006400000,0.760803223,0.387634277
0.006500000,0.799987793,0.577209473
0.006600000,0.760803223,0.710266113
0.006700000,0.647155762,0.773742676
0.006800000,0.470214844,0.761535645
0.006900000,0.247192383,0.674743652
0.007000000,0.000000000,0.521911621
0.007100000,-0.247192383,0.318054199
0.007200000,-0.470214844,0.083068848
0.007300000,-0.647155762,-0.160095215
0.007400000,-0.760803223,-0.387634277
0.007500000,-0.799987793,-0.577209473
0.007600000,-0.760803223,-0.710266113
0.007700000,-0.647155762,-0.773742676
0.007800000,-0.470214844,-0.761535645
0.007900000,-0.247192383,-0.674743652
0.008000000,0.000000000,-0.521911621
0.008100000,0.247192383,-0.318054199
0.008200000,0.470214844,-0.083068848
0.008300000,0.647155762,0.160095215
0.008400000,0.760803223,0.387634277
0.008500000,0.799987793,0.577209473
0.008600000,0.760803223,0.710266113
0.008700000,0.647155762,0.773742676
0.008800000,0.470214844,0.761535645
0.008900000,0.247192383,0.674743652
0.009000000,0.000000000,0.521911621
0.009100000,-0.247192383,0.318054199
0.009200000,-0.470214844,0.083068848
0.009300000,-0.647155762,-0.160095215
0.009400000,-0.760803223,-0.387634277
0.009500000,-0.799987793,-0.577209473
0.009600000,-0.760803223,-0.710266113
0.009700000,-0.647155762,-0.773742676
0.009800000,-0.470214844,-0.761535645
0.009900000,-0.247192383,-0.674743652
0.010000000,0.000000000,-0.521911621
0.010100000,0.247192383,-0.318054199
0.010200000,0.470214844,-0.083068848
0.010300000,0.647155762,0.160095215
0.010400000,0.760803223,0.387634277
0.010500000,0.799987793,0.577209473
0.010600000,0.760803223,0.710266113
0.010700000,0.647155762,0.773742676
0.010800000,0.470214844,0.761535645
0.010900000,0.247192383,0.674743652
0.011000000,0.000000000,0.521911621
0.011100000,-0.247192383,0.318054199
0.011200000,-0.470214844,0.083068848
0.011300000,-0.647155762,-0.160095215
0.011400000,-0.760803223,-0.387634277
0.011500000,-0.799987793,-0.577209473
0.011600000,-0.760803223,-0.710266113
0.011700000,-0.647155762,-0.773742676
0.011800000,-0.470214844,-0.761535645
0.011900000,-0.247192383,-0.674743652
0.012000000,0.000000000,-0.521911621
0.012100000,0.247192383,-0.318054199
0.012200000,0.470214844,-0.083068848
0.012300000,0.647155762,0.160095215
0.012400000,0.760803223,0.387634277
0.012500000,0.799987793,0.577209473
0.012600000,0.760803223,0.710266113
0.012700000,0.647155762,0.773742676
0.012800000,0.470214844,0.761535645
0.012900000,0.247192383,0.674743652
0.013000000,0.000000000,0.521911621
0.013100000,-0.247192383,0.318054199
0.013200000,-0.470214844,0.083068848
0.013300000,-0.647155762,-0.160095215
0.013400000,-0.760803223,-0.387634277
0.013500000,-0.799987793,-0.577209473
0.013600000,-0.760803223,-0.710266113
0.013700000,-0.647155762,-0.773742676
0.013800000,-0.470214844,-0.761535645
0.013900000,-0.247192383,-0.674743652
0.014000000,0.000000000,-0.521911621
0.014100000,0.247192383,-0.318054199
0.014200000,0.470214844,-0.083068848
0.014300000,0.647155762,0.160095215
0.014400000,0.760803223,0.387634277
0.014500000,0.799987793,0.577209473
0.014600000,0.760803223,0.710266113
0.014700000,0.647155762,0.773742676
0.014800000,0.470214844,0.761535645
0.014900000,0.247192383,0.674743652
0.015000000,0.000000000,0.521911621
0.015100000,-0.247192383,0.318054199
0.015200000,-0.470214844,0.083068848
0.015300000,-0.647155762,-0.160095215
0.015400000,-0.760803223,-0.387634277
0.015500000,-0.799987793,-0.577209473
0.015600000,-0.760803223,-0.710266113
0.015700000,-0.647155762,-0.773742676
0.015800000,-0.470214844,-0.761535645
0.015900000,-0.247192383,-0.674743652
0.016000000,0.000000000,-0.521911621
0.016100000,0.247192383,-0.318054199
0.016200000,0.470214844,-0.083068848
0.016300000,0.647155762,0.160095215
0.016400000,0.760803223,0.387634277
0.016500000,0.799987793,0.577209473
0.016600000,0.760803223,0.710266113
0.016700000,0.647155762,0.773742676
0.016800000,0.470214844,0.761535645
0.016900000,0.247192383,0.674743652
0.017000000,0.000000000,0.521911621
0.017100000,-0.247192383,0.318054199
0.017200000,-0.470214844,0.083068848
0.017300000,-0.647155762,-0.160095215
0.017400000,-0.760803223,-0.387634277
0.017500000,-0.799987793,-0.577209473
0.017600000,-0.760803223,-0.710266113
0.017700000,-0.647155762,-0.773742676
0.017800000,-0.470214844,-0.761535645
0.017900000,-0.247192383,-0.674743652
0.018000000,0.000000000,-0.521911621
0.018100000,0.247192383,-0.318054199
0.018200000,0.470214844,-0.083068848
0.018300000,0.647155762,0.160095215
0.018400000,0.760803223,0.387634277
0.018500000,0.799987793,0.577209473
0.018600000,0.760803223,0.710266113
0.018700000,0.647155762,0.773742676
0.018800000,0.470214844,0.761535645
0.018900000,0.247192383,0.674743652
0.019000000,0.000000000,0.521911621
0.019100000,-0.247192383,0.318054199
0.019200000,-0.470214844,0.083068848
0.019300000,-0.647155762,-0.160095215
0.019400000,-0.760803223,-0.387634277
0.019500000,-0.799987793,-0.577209473
0.019600000,-0.760803223,-0.710266113
0.019700000,-0.647155762,-0.773742676
0.019800000,-0.470214844,-0.761535645
0.019900000,-0.247192383,-0.674743652
0.020000000,0.000000000,-0.521911621
0.020100000,0.247192383,-0.318054199
0.020200000,0.470214844,-0.083068848
0.020300000,0.647155762,0.160095215
0.020400000,0.760803223,0.387634277
0.020500000,0.799987793,0.577209473
0.020600000,0.760803223,0.710266113
0.020700000,0.647155762,0.773742676
0.020800000,0.470214844,0.761535645
0.020900000,0.247192383,0.674743652
0.021000000,0.000000000,0.521911621
0.021100000,-0.247192383,0.318054199
0.021200000,-0.470214844,0.083068848
0.021300000,-0.647155762,-0.160095215
0.021400000,-0.760803223,-0.387634277
0.021500000,-0.799987793,-0.577209473
0.021600000,-0.760803223,-0.710266113
0.021700000,-0.647155762,-0.773742676
0.021800000,-0.470214844,-0.761535645
0.021900000,-0.247192383,-0.674743652
0.022000000,0.000000000,-0.521911621
0.022100000,0.247192383,-0.318054199
0.022200000,0.470214844,-0.083068848
0.022300000,0.647155762,0.160095215
0.022400000,0.760803223,0.387634277
0.022500000,0.799987793,0.577209473
0.022600000,0.760803223,0.710266113
0.022700000,0.647155762,0.773742676
0.022800000,0.470214844,0.761535645
0.022900000,0.247192383,0.674743652
0.023000000,0.000000000,0.521911621
0.023100000,-0.247192383,0.318054199
0.023200000,-0.470214844,0.083068848
0.023300000,-0.647155762,-0.160095215
0.023400000,-0.760803223,-0.387634277
0.023500000,-0.799987793,-0.577209473
0.023600000,-0.760803223,-0.710266113
0.023700000,-0.647155762,-0.773742676
0.023800000,-0.470214844,-0.761535645
0.023900000,-0.247192383,-0.674743652
0.024000000,0.000000000,-0.521911621
0.024100000,0.247192383,-0.318054199
0.024200000,0.470214844,-0.083068848
0.024300000,0.647155762,0.160095215
0.024400000,0.760803223,0.387634277
0.024500000,0.799987793,0.577209473
0.024600000,0.760803223,0.710266113
0.024700000,0.647155762,0.773742676
0.024800000,0.470214844,0.761535645
0.024900000,0.247192383,0.674743652
0.025000000,0.000000000,0.521911621
0.025100000,-0.247192383,0.318054199
0.025200000,-0.470214844,0.083068848
0.025300000,-0.647155762,-0.160095215
0.025400000,-0.760803223,-0.387634277
0.025500000,-0.799987793,-0.577209473
0.025600000,-0.760803223,-0.710266113
0.025700000,-0.647155762,-0.773742676
0.025800000,-0.470214844,-0.761535645
0.025900000,-0.247192383,-0.674743652
0.026000000,0.000000000,-0.521911621
0.026100000,0.247192383,-0.318054199
0.026200000,0.470214844,-0.083068848
0.026300000,0.647155762,0.160095215
0.026400000,0.760803223,0.387634277
0.026500000,0.799987793,0.577209473
0.026600000,0.760803223,0.710266113
0.026700000,0.647155762,0.773742676
0.026800000,0.470214844,0.761535645
0.026900000,0.247192383,0.674743652
0.027000000,0.000000000,0.521911621
0.027100000,-0.247192383,0.318054199
0.027200000,-0.470214844,0.083068848
0.027300000,-0.647155762,-0.160095215
0.027400000,-0.760803223,-0.387634277
0.027500000,-0.799987793,-0.577209473
0.027600000,-0.760803223,-0.710266113
0.027700000,-0.647155762,-0.773742676
0.027800000,-0.470214844,-0.761535645
0.027900000,-0.247192383,-0.674743652
0.028000000,0.000000000,-0.521911621
0.028100000,0.247192383,-0.318054199
0.028200000,0.470214844,-0.083068848
0.028300000,0.647155762,0.160095215
0.028400000,0.760803223,0.387634277
0.028500000,0.799987793,0.577209473
0.028600000,0.760803223,0.710266113
0.028700000,0.647155762,0.773742676
0.028800000,0.470214844,0.761535645
0.028900000,0.247192383,0.674743652
0.029000000,0.000000000,0.521911621
0.029100000,-0.247192383,0.318054199
0.029200000,-0.470214844,0.083068848
0.029300000,-0.647155762,-0.160095215
0.029400000,-0.760803223,-0.387634277
0.029500000,-0.799987793,-0.577209473
0.029600000,-0.760803223,-0.710266113
0.029700000,-0.647155762,-0.773742676
0.029800000,-0.470214844,-0.761535645
0.029900000,-0.247192383,-0.674743652
0.030000000,0.000000000,-0.521911621
0.030100000,0.247192383,-0.318054199
0.030200000,0.470214844,-0.083068848
0.030300000,0.647155762,0.160095215
0.030400000,0.760803223,0.387634277
0.030500000,0.799987793,0.577209473
0.030600000,0.760803223,0.710266113
0.030700000,0.647155762,0.773742676
0.030800000,0.470214844,0.761535645
0.030900000,0.247192383,0.674743652
0.031000000,0.000000000,0.521911621
0.031100000,-0.247192383,0.318054199
0.031200000,-0.470214844,0.083068848
0.031300000,-0.647155762,-0.160095215
0.031400000,-0.760803223,-0.387634277
0.031500000,-0.799987793,-0.577209473
0.031600000,-0.760803223,-0.710266113
0.031700000,-0.647155762,-0.773742676
0.031800000,-0.470214844,-0.761535645
0.031900000,-0.247192383,-0.674743652
0.032000000,0.000000000,-0.521911621
0.032100000,0.247192383,-0.318054199
0.032200000,0.470214844,-0.083068848
0.032300000,0.647155762,0.160095215
0.032400000,0.760803223,0.387634277
0.032500000,0.799987793,0.577209473
0.032600000,0.760803223,0.710266113
0.032700000,0.647155762,0.773742676
0.032800000,0.470214844,0.761535645
0.032900000,0.247192383,0.674743652
0.033000000,0.000000000,0.521911621
0.033100000,-0.247192383,0.318054199
0.033200000,-0.470214844,0.083068848
0.033300000,-0.647155762,-0.160095215
0.033400000,-0.760803223,-0.387634277
0.033500000,-0.799987793,-0.577209473
0.033600000,-0.760803223,-0.710266113
0.033700000,-0.647155762,-0.773742676
0.033800000,-0.470214844,-0.761535645
0.033900000,-0.247192383,-0.674743652
0.034000000,0.000000000,-0.521911621
0.034100000,0.247192383,-0.318054199
0.034200000,0.470214844,-0.083068848
0.034300000,0.647155762,0.160095215
0.034400000,0.760803223,0.387634277
0.034500000,0.799987793,0.577209473
0.034600000,0.760803223,0.710266113
0.034700000,0.647155762,0.773742676
0.034800000,0.470214844,0.761535645
0.034900000,0.247192383,0.674743652
0.035000000,0.000000000,0.521911621
0.035100000,-0.247192383,0.318054199
0.035200000,-0.470214844,0.083068848
0.035300000,-0.647155762,-0.160095215
0.035400000,-0.760803223,-0.387634277
0.035500000,-0.799987793,-0.577209473
0.035600000,-0.760803223,-0.710266113
0.035700000,-0.647155762,-0.773742676
0.035800000,-0.470214844,-0.761535645
0.035900000,-0.247192383,-0.674743652
0.036000000,0.000000000,-0.521911621
0.036100000,0.247192383,-0.318054199
0.036200000,0.470214844,-0.083068848
0.036300000,0.647155762,0.160095215
0.036400000,0.760803223,0.387634277
0.036500000,0.799987793,0.577209473
0.036600000,0.760803223,0.710266113
0.036700000,0.647155762,0.773742676
0.036800000,0.470214844,0.761535645
0.036900000,0.247192383,0.674743652
0.037000000,0.000000000,0.521911621
0.037100000,-0.247192383,0.318054199
0.037200000,-0.470214844,0.083068848
0.037300000,-0.647155762,-0.160095215
0.037400000,-0.760803223,-0.387634277
0.037500000,-0.799987793,-0.577209473
0.037600000,-0.760803223,-0.710266113
0.037700000,-0.647155762,-0.773742676
0.037800000,-0.470214844,-0.761535645
0.037900000,-0.247192383,-0.674743652
0.038000000,0.000000000,-0.521911621
0.038100000,0.247192383,-0.318054199
0.038200000,0.470214844,-0.083068848
0.038300000,0.647155762,0.160095215
0.038400000,0.760803223,0.387634277
0.038500000,0.799987793,0.577209473
0.038600000,0.760803223,0.710266113
0.038700000,0.647155762,0.773742676
0.038800000,0.470214844,0.761535645
0.038900000,0.247192383,0.674743652
0.039000000,0.000000000,0.521911621
0.039100000,-0.247192383,0.318054199
0.039200000,-0.470214844,0.083068848
0.039300000,-0.647155762,-0.160095215
0.039400000,-0.760803223,-0.387634277
0.039500000,-0.799987793,-0.577209473
0.039600000,-0.760803223,-0.710266113
0.039700000,-0.647155762,-0.773742676
0.039800000,-0.470214844,-0.761535645
0.039900000,-0.247192383,-0.674743652
0.040000000,0.000000000,-0.521911621
0.040100000,0.247192383,-0.318054199
0.040200000,0.470214844,-0.083068848
0.040300000,0.647155762,0.160095215
0.040400000,0.760803223,0.387634277
0.040500000,0.799987793,0.577209473
0.040600000,0.760803223,0.710266113
0.040700000,0.647155762,0.773742676
0.040800000,0.470214844,0.761535645
0.040900000,0.247192383,0.674743652
0.041000000,0.000000000,0.521911621
0.041100000,-0.247192383,0.318054199
0.041200000,-0.470214844,0.083068848
0.041300000,-0.647155762,-0.160095215
0.041400000,-0.760803223,-0.387634277
0.041500000,-0.799987793,-0.577209473
0.041600000,-0.760803223,-0.710266113
0.041700000,-0.647155762,-0.773742676
0.041800000,-0.470214844,-0.761535645
0.041900000,-0.247192383,-0.674743652
0.042000000,0.000000000,-0.521911621
0.042100000,0.247192383,-0.318054199
0.042200000,0.470214844,-0.083068848
0.042300000,0.647155762,0.160095215
0.042400000,0.760803223,0.387634277
0.042500000,0.799987793,0.577209473
0.042600000,0.760803223,0.710266113
0.042700000,0.647155762,0.773742676
0.042800000,0.470214844,0.761535645
0.042900000,0.247192383,0.674743652
0.043000000,0.000000000,0.521911621
0.043100000,-0.247192383,0.318054199
0.043200000,-0.470214844,0.083068848
0.043300000,-0.647155762,-0.160095215
0.043400000,-0.760803223,-0.387634277
0.043500000,-0.799987793,-0.577209473
0.043600000,-0.760803223,-0.710266113
0.043700000,-0.647155762,-0.773742676
0.043800000,-0.470214844,-0.761535645
0.043900000,-0.247192383,-0.674743652
0.044000000,0.000000000,-0.521911621
0.044100000,0.247192383,-0.318054199
0.044200000,0.470214844,-0.083068848
0.044300000,0.647155762,0.160095215
0.044400000,0.760803223,0.387634277
0.044500000,0.799987793,0.577209473
0.044600000,0.760803223,0.710266113
0.044700000,0.647155762,0.773742676
0.044800000,0.470214844,0.761535645
0.044900000,0.247192383,0.674743652
0.045000000,0.000000000,0.521911621
0.045100000,-0.247192383,0.318054199
0.045200000,-0.470214844,0.083068848
0.045300000,-0.647155762,-0.160095215
0.045400000,-0.760803223,-0.387634277
0.045500000,-0.799987793,-0.577209473
0.045600000,-0.760803223,-0.710266113
0.045700000,-0.647155762,-0.773742676
0.045800000,-0.470214844,-0.761535645
0.045900000,-0.247192383,-0.674743652
0.046000000,0.000000000,-0.521911621
0.046100000,0.247192383,-0.318054199
0.046200000,0.470214844,-0.083068848
0.046300000,0.647155762,0.160095215
0.046400000,0.760803223,0.387634277
0.046500000,0.799987793,0.577209473
0.046600000,0.760803223,0.710266113
0.046700000,0.647155762,0.773742676
0.046800000,0.470214844,0.761535645
0.046900000,0.247192383,0.674743652
0.047000000,0.000000000,0.521911621
0.047100000,-0.247192383,0.318054199
0.047200000,-0.470214844,0.083068848
0.047300000,-0.647155762,-0.160095215
0.047400000,-0.760803223,-0.387634277
0.047500000,-0.799987793,-0.577209473
0.047600000,-0.760803223,-0.710266113
0.047700000,-0.647155762,-0.773742676
0.047800000,-0.470214844,-0.761535645
0.047900000,-0.247192383,-0.674743652
0.048000000,0.000000000,-0.521911621
0.048100000,0.247192383,-0.318054199
0.048200000,0.470214844,-0.083068848
0.048300000,0.647155762,0.160095215
0.048400000,0.760803223,0.387634277
0.048500000,0.799987793,0.577209473
0.048600000,0.760803223,0.710266113
0.048700000,0.647155762,0.773742676
0.048800000,0.470214844,0.761535645
0.048900000,0.247192383,0.674743652
0.049000000,0.000000000,0.521911621
0.049100000,-0.247192383,0.318054199
0.049200000,-0.470214844,0.083068848
0.049300000,-0.647155762,-0.160095215
0.049400000,-0.760803223,-0.387634277
0.049500000,-0.799987793,-0.577209473
0.049600000,-0.760803223,-0.710266113
0.049700000,-0.647155762,-0.773742676
0.049800000,-0.470214844,-0.761535645
0.049900000,-0.247192383,-0.674743652
0.050000000,0.000000000,-0.521911621
0.050100000,0.247192383,-0.318054199
0.050200000,0.470214844,-0.083068848
0.050300000,0.647155762,0.160095215
0.050400000,0.760803223,0.387634277
0.050500000,0.799987793,0.577209473
0.050600000,0.760803223,0.710266113
0.050700000,0.647155762,0.773742676
0.050800000,0.470214844,0.761535645
0.050900000,0.247192383,0.674743652
0.051000000,0.000000000,0.521911621
0.051100000,-0.247192383,0.318054199
0.051200000,-0.470214844,0.083068848
0.051300000,-0.647155762,-0.160095215
0.051400000,-0.760803223,-0.387634277
0.051500000,-0.799987793,-0.577209473
0.051600000,-0.760803223,-0.710266113
0.051700000,-0.647155762,-0.773742676
0.051800000,-0.470214844,-0.761535645
0.051900000,-0.247192383,-0.674743652
0.052000000,0.000000000,-0.521911621
0.052100000,0.247192383,-0.318054199
0.052200000,0.470214844,-0.083068848
0.052300000,0.647155762,0.160095215
0.052400000,0.760803223,0.387634277
0.052500000,0.799987793,0.577209473
0.052600000,0.760803223,0.710266113
0.052700000,0.647155762,0.773742676
0.052800000,0.470214844,0.761535645
0.052900000,0.247192383,0.674743652
0.053000000,0.000000000,0.521911621
0.053100000,-0.247192383,0.318054199
0.053200000,-0.470214844,0.083068848
0.053300000,-0.647155762,-0.160095215
0.053400000,-0.760803223,-0.387634277
0.053500000,-0.799987793,-0.577209473
0.053600000,-0.760803223,-0.710266113
0.053700000,-0.647155762,-0.773742676
0.053800000,-0.470214844,-0.761535645
0.053900000,-0.247192383,-0.674743652
0.054000000,0.000000000,-0.521911621
0.054100000,0.247192383,-0.318054199
0.054200000,0.470214844,-0.083068848
0.054300000,0.647155762,0.160095215
0.054400000,0.760803223,0.387634277
0.054500000,0.799987793,0.577209473
0.054600000,0.760803223,0.710266113
0.054700000,0.647155762,0.773742676
0.054800000,0.470214844,0.761535645
0.054900000,0.247192383,0.674743652
0.055000000,0.000000000,0.521911621
0.055100000,-0.247192383,0.318054199
0.055200000,-0.470214844,0.083068848
0.055300000,-0.647155762,-0.160095215
0.055400000,-0.760803223,-0.387634277
0.055500000,-0.799987793,-0.577209473
0.055600000,-0.760803223,-0.710266113
0.055700000,-0.647155762,-0.773742676
0.055800000,-0.470214844,-0.761535645
0.055900000,-0.247192383,-0.674743652
0.056000000,0.000000000,-0.521911621
0.056100000,0.247192383,-0.318054199
0.056200000,0.470214844,-0.083068848
0.056300000,0.647155762,0.160095215
0.056400000,0.760803223,0.387634277
0.056500000,0.799987793,0.577209473
0.056600000,0.760803223,0.710266113
0.056700000,0.647155762,0.773742676
0.056800000,0.470214844,0.761535645
0.056900000,0.247192383,0.674743652
0.057000000,0.000000000,0.521911621
0.057100000,-0.247192383,0.318054199
0.057200000,-0.470214844,0.083068848
0.057300000,-0.647155762,-0.160095215
0.057400000,-0.760803223,-0.387634277
0.057500000,-0.799987793,-0.577209473
0.057600000,-0.760803223,-0.710266113
0.057700000,-0.647155762,-0.773742676
0.057800000,-0.470214844,-0.761535645
0.057900000,-0.247192383,-0.674743652
0.058000000,0.000000000,-0.521911621
0.058100000,0.247192383,-0.318054199
0.058200000,0.470214844,-0.083068848
0.058300000,0.647155762,0.160095215
0.058400000,0.760803223,0.387634277
0.058500000,0.799987793,0.577209473
0.058600000,0.760803223,0.710266113
0.058700000,0.647155762,0.773742676
0.058800000,0.470214844,0.761535645
0.058900000,0.247192383,0.674743652
0.059000000,0.000000000,0.521911621
0.059100000,-0.247192383,0.318054199
0.059200000,-0.470214844,0.083068848
0.059300000,-0.647155762,-0.160095215
0.059400000,-0.760803223,-0.387634277
0.059500000,-0.799987793,-0.577209473
0.059600000,-0.760803223,-0.710266113
0.059700000,-0.647155762,-0.773742676
0.059800000,-0.470214844,-0.761535645
0.059900000,-0.247192383,-0.674743652
0.060000000,0.000000000,-0.521911621
0.060100000,0.247192383,-0.318054199
0.060200000,0.470214844,-0.083068848
0.060300000,0.647155762,0.160095215
0.060400000,0.760803223,0.387634277
0.060500000,0.799987793,0.577209473
0.060600000,0.760803223,0.710266113
0.060700000,0.647155762,0.773742676
0.060800000,0.470214844,0.761535645
0.060900000,0.247192383,0.674743652
0.061000000,0.000000000,0.521911621
0.061100000,-0.247192383,0.318054199
0.061200000,-0.470214844,0.083068848
0.061300000,-0.647155762,-0.160095215
0.061400000,-0.760803223,-0.387634277
0.061500000,-0.799987793,-0.577209473
0.061600000,-0.760803223,-0.710266113
0.061700000,-0.647155762,-0.773742676
0.061800000,-0.470214844,-0.761535645
0.061900000,-0.247192383,-0.674743652
0.062000000,0.000000000,-0.521911621
0.062100000,0.247192383,-0.318054199
0.062200000,0.470214844,-0.083068848
0.062300000,0.647155762,0.160095215
0.062400000,0.760803223,0.387634277
0.062500000,0.799987793,0.577209473
0.062600000,0.760803223,0.710266113
0.062700000,0.647155762,0.773742676
0.062800000,0.470214844,0.761535645
0.062900000,0.247192383,0.674743652
0.063000000,0.000000000,0.521911621
0.063100000,-0.247192383,0.318054199
0.063200000,-0.470214844,0.083068848
0.063300000,-0.647155762,-0.160095215
0.063400000,-0.760803223,-0.387634277
0.063500000,-0.799987793,-0.577209473
0.063600000,-0.760803223,-0.710266113
0.063700000,-0.647155762,-0.773742676
0.063800000,-0.470214844,-0.761535645
0.063900000,-0.247192383,-0.674743652
0.064000000,0.000000000,-0.521911621
0.064100000,0.247192383,-0.318054199
0.064200000,0.470214844,-0.083068848
0.064300000,0.647155762,0.160095215
0.064400000,0.760803223,0.387634277
0.064500000,0.799987793,0.577209473
0.064600000,0.760803223,0.710266113
0.064700000,0.647155762,0.773742676
0.064800000,0.470214844,0.761535645
0.064900000,0.247192383,0.674743652
0.065000000,0.000000000,0.521911621
0.065100000,-0.247192383,0.318054199
0.065200000,-0.470214844,0.083068848
0.065300000,-0.647155762,-0.160095215
0.065400000,-0.760803223,-0.387634277
0.065500000,-0.799987793,-0.577209473
0.065600000,-0.760803223,-0.710266113
0.065700000,-0.647155762,-0.773742676
0.065800000,-0.470214844,-0.761535645
0.065900000,-0.247192383,-0.674743652
0.066000000,0.000000000,-0.521911621
0.066100000,0.247192383,-0.318054199
0.066200000,0.470214844,-0.083068848
0.066300000,0.647155762,0.160095215
0.066400000,0.760803223,0.387634277
0.066500000,0.799987793,0.577209473
0.066600000,0.760803223,0.710266113
0.066700000,0.647155762,0.773742676
0.066800000,0.470214844,0.761535645
0.066900000,0.247192383,0.674743652
0.067000000,0.000000000,0.521911621
0.067100000,-0.247192383,0.318054199
0.067200000,-0.470214844,0.083068848
0.067300000,-0.647155762,-0.160095215
0.067400000,-0.760803223,-0.387634277
0.067500000,-0.799987793,-0.577209473
0.067600000,-0.760803223,-0.710266113
0.067700000,-0.647155762,-0.773742676
0.067800000,-0.470214844,-0.761535645
0.067900000,-0.247192383,-0.674743652
0.068000000,0.000000000,-0.521911621
0.068100000,0.247192383,-0.318054199
0.068200000,0.470214844,-0.083068848
0.068300000,0.647155762,0.160095215
0.068400000,0.760803223,0.387634277
0.068500000,0.799987793,0.577209473
0.068600000,0.760803223,0.710266113
0.068700000,0.647155762,0.773742676
0.068800000,0.470214844,0.761535645
0.068900000,0.247192383,0.674743652
0.069000000,0.000000000,0.521911621
0.069100000,-0.247192383,0.318054199
0.069200000,-0.470214844,0.083068848
0.069300000,-0.647155762,-0.160095215
0.069400000,-0.760803223,-0.387634277
0.069500000,-0.799987793,-0.577209473
0.069600000,-0.760803223,-0.710266113
0.069700000,-0.647155762,-0.773742676
0.069800000,-0.470214844,-0.761535645
0.069900000,-0.247192383,-0.674743652
0.070000000,0.000000000,-0.521911621
0.070100000,0.247192383,-0.318054199
0.070200000,0.470214844,-0.083068848
0.070300000,0.647155762,0.160095215
0.070400000,0.760803223,0.387634277
0.070500000,0.799987793,0.577209473
0.070600000,0.760803223,0.710266113
0.070700000,0.647155762,0.773742676
0.070800000,0.470214844,0.761535645
0.070900000,0.247192383,0.674743652
0.071000000,0.000000000,0.521911621
0.071100000,-0.247192383,0.318054199
0.071200000,-0.470214844,0.083068848
0.071300000,-0.647155762,-0.160095215
0.071400000,-0.760803223,-0.387634277
0.071500000,-0.799987793,-0.577209473
0.071600000,-0.760803223,-0.710266113
0.071700000,-0.647155762,-0.773742676
0.071800000,-0.470214844,-0.761535645
0.071900000,-0.247192383,-0.674743652
0.072000000,0.000000000,-0.521911621
0.072100000,0.247192383,-0.318054199
0.072200000,0.470214844,-0.083068848
0.072300000,0.647155762,0.160095215
0.072400000,0.760803223,0.387634277
0.072500000,0.799987793,0.577209473
0.072600000,0.760803223,0.710266113
0.072700000,0.647155762,0.773742676
0.072800000,0.470214844,0.761535645
0.072900000,0.247192383,0.674743652
0.073000000,0.000000000,0.521911621
0.073100000,-0.247192383,0.318054199
0.073200000,-0.470214844,0.083068848
0.073300000,-0.647155762,-0.160095215
0.073400000,-0.760803223,-0.387634277
0.073500000,-0.799987793,-0.577209473
0.073600000,-0.760803223,-0.710266113
0.073700000,-0.647155762,-0.773742676
0.073800000,-0.470214844,-0.761535645
0.073900000,-0.247192383,-0.674743652
0.074000000,0.000000000,-0.521911621
0.074100000,0.247192383,-0.318054199
0.074200000,0.470214844,-0.083068848
0.074300000,0.647155762,0.160095215
0.074400000,0.760803223,0.387634277
0.074500000,0.799987793,0.577209473
0.074600000,0.760803223,0.710266113
0.074700000,0.647155762,0.773742676
0.074800000,0.470214844,0.761535645
0.074900000,0.247192383,0.674743652
0.075000000,0.000000000,0.521911621
0.075100000,-0.247192383,0.318054199
0.075200000,-0.470214844,0.083068848
0.075300000,-0.647155762,-0.160095215
0.075400000,-0.760803223,-0.387634277
0.075500000,-0.799987793,-0.577209473
0.075600000,-0.760803223,-0.710266113
0.075700000,-0.647155762,-0.773742676
0.075800000,-0.470214844,-0.761535645
0.075900000,-0.247192383,-0.674743652
0.076000000,0.000000000,-0.521911621
0.076100000,0.247192383,-0.318054199
0.076200000,0.470214844,-0.083068848
0.076300000,0.647155762,0.160095215
0.076400000,0.760803223,0.387634277
0.076500000,0.799987793,0.577209473
0.076600000,0.760803223,0.710266113
0.076700000,0.647155762,0.773742676
0.076800000,0.470214844,0.761535645
0.076900000,0.247192383,0.674743652
0.077000000,0.000000000,0.521911621
0.077100000,-0.247192383,0.318054199
0.077200000,-0.470214844,0.083068848
0.077300000,-0.647155762,-0.160095215
0.077400000,-0.760803223,-0.387634277
0.077500000,-0.799987793,-0.577209473
0.077600000,-0.760803223,-0.710266113
0.077700000,-0.647155762,-0.773742676
0.077800000,-0.470214844,-0.761535645
0.077900000,-0.247192383,-0.674743652
0.078000000,0.000000000,-0.521911621
0.078100000,0.247192383,-0.318054199
0.078200000,0.470214844,-0.083068848
0.078300000,0.647155762,0.160095215
0.078400000,0.760803223,0.387634277
0.078500000,0.799987793,0.577209473
0.078600000,0.760803223,0.710266113
0.078700000,0.647155762,0.773742676
0.078800000,0.470214844,0.761535645
0.078900000,0.247192383,0.674743652
0.079000000,0.000000000,0.521911621
0.079100000,-0.247192383,0.318054199
0.079200000,-0.470214844,0.083068848
0.079300000,-0.647155762,-0.160095215
0.079400000,-0.760803223,-0.387634277
0.079500000,-0.799987793,-0.577209473
0.079600000,-0.760803223,-0.710266113
0.079700000,-0.647155762,-0.773742676
0.079800000,-0.470214844,-0.761535645
0.079900000,-0.247192383,-0.674743652
0.080000000,0.000000000,-0.521911621
0.080100000,0.247192383,-0.318054199
0.080200000,0.470214844,-0.083068848
0.080300000,0.647155762,0.160095215
0.080400000,0.760803223,0.387634277
0.080500000,0.799987793,0.577209473
0.080600000,0.760803223,0.710266113
0.080700000,0.647155762,0.773742676
0.080800000,0.470214844,0.761535645
0.080900000,0.247192383,0.674743652
0.081000000,0.000000000,0.521911621
0.081100000,-0.247192383,0.318054199
0.081200000,-0.470214844,0.083068848
0.081300000,-0.647155762,-0.160095215
0.081400000,-0.760803223,-0.387634277
0.081500000,-0.799987793,-0.577209473
0.081600000,-0.760803223,-0.710266113
0.081700000,-0.647155762,-0.773742676
0.081800000,-0.470214844,-0.761535645
0.081900000,-0.247192383,-0.674743652
0.082000000,0.000000000,-0.521911621
0.082100000,0.247192383,-0.318054199
0.082200000,0.470214844,-0.083068848
0.082300000,0.647155762,0.160095215
0.082400000,0.760803223,0.387634277
0.082500000,0.799987793,0.577209473
0.082600000,0.760803223,0.710266113
0.082700000,0.647155762,0.773742676
0.082800000,0.470214844,0.761535645
0.082900000,0.247192383,0.674743652
0.083000000,0.000000000,0.521911621
0.083100000,-0.247192383,0.318054199
0.083200000,-0.470214844,0.083068848
0.083300000,-0.647155762,-0.160095215
0.083400000,-0.760803223,-0.387634277
0.083500000,-0.799987793,-0.577209473
0.083600000,-0.760803223,-0.710266113
0.083700000,-0.647155762,-0.773742676
0.083800000,-0.470214844,-0.761535645
0.083900000,-0.247192383,-0.674743652
0.084000000,0.000000000,-0.521911621
0.084100000,0.247192383,-0.318054199
0.084200000,0.470214844,-0.083068848
0.084300000,0.647155762,0.160095215
0.084400000,0.760803223,0.387634277
0.084500000,0.799987793,0.577209473
0.084600000,0.760803223,0.710266113
0.084700000,0.647155762,0.773742676
0.084800000,0.470214844,0.761535645
0.084900000,0.247192383,0.674743652
0.085000000,0.000000000,0.521911621
0.085100000,-0.247192383,0.318054199
0.085200000,-0.470214844,0.083068848
0.085300000,-0.647155762,-0.160095215
0.085400000,-0.760803223,-0.387634277
0.085500000,-0.799987793,-0.577209473
0.085600000,-0.760803223,-0.710266113
0.085700000,-0.647155762,-0.773742676
0.085800000,-0.470214844,-0.761535645
0.085900000,-0.247192383,-0.674743652
0.086000000,0.000000000,-0.521911621
0.086100000,0.247192383,-0.318054199
0.086200000,0.470214844,-0.083068848
0.086300000,0.647155762,0.160095215
0.086400000,0.760803223,0.387634277
0.086500000,0.799987793,0.577209473
0.086600000,0.760803223,0.710266113
0.086700000,0.647155762,0.773742676
0.086800000,0.470214844,0.761535645
0.086900000,0.247192383,0.674743652
0.087000000,0.000000000,0.521911621
0.087100000,-0.247192383,0.318054199
0.087200000,-0.470214844,0.083068848
0.087300000,-0.647155762,-0.160095215
0.087400000,-0.760803223,-0.387634277
0.087500000,-0.799987793,-0.577209473
0.087600000,-0.760803223,-0.710266113
0.087700000,-0.647155762,-0.773742676
0.087800000,-0.470214844,-0.761535645
0.087900000,-0.247192383,-0.674743652
0.088000000,0.000000000,-0.521911621
0.088100000,0.247192383,-0.318054199
0.088200000,0.470214844,-0.083068848
0.088300000,0.647155762,0.160095215
0.088400000,0.760803223,0.387634277
0.088500000,0.799987793,0.577209473
0.088600000,0.760803223,0.710266113
0.088700000,0.647155762,0.773742676
0.088800000,0.470214844,0.761535645
0.088900000,0.247192383,0.674743652
0.089000000,0.000000000,0.521911621
0.089100000,-0.247192383,0.318054199
0.089200000,-0.470214844,0.083068848
0.089300000,-0.647155762,-0.160095215
0.089400000,-0.760803223,-0.387634277
0.089500000,-0.799987793,-0.577209473
0.089600000,-0.760803223,-0.710266113
0.089700000,-0.647155762,-0.773742676
0.089800000,-0.470214844,-0.761535645
0.089900000,-0.247192383,-0.674743652
0.090000000,0.000000000,-0.521911621
0.090100000,0.247192383,-0.318054199
0.090200000,0.470214844,-0.083068848
0.090300000,0.647155762,0.160095215
0.090400000,0.760803223,0.387634277
0.090500000,0.799987793,0.577209473
0.090600000,0.760803223,0.710266113
0.090700000,0.647155762,0.773742676
0.090800000,0.470214844,0.761535645
0.090900000,0.247192383,0.674743652
0.091000000,0.000000000,0.521911621
0.091100000,-0.247192383,0.318054199
0.091200000,-0.470214844,0.083068848
0.091300000,-0.647155762,-0.160095215
0.091400000,-0.760803223,-0.387634277
0.091500000,-0.799987793,-0.577209473
0.091600000,-0.760803223,-0.710266113
0.091700000,-0.647155762,-0.773742676
0.091800000,-0.470214844,-0.761535645
0.091900000,-0.247192383,-0.674743652
0.092000000,0.000000000,-0.521911621
0.092100000,0.247192383,-0.318054199
0.092200000,0.470214844,-0.083068848
0.092300000,0.647155762,0.160095215
0.092400000,0.760803223,0.387634277
0.092500000,0.799987793,0.577209473
0.092600000,0.760803223,0.710266113
0.092700000,0.647155762,0.773742676
0.092800000,0.470214844,0.761535645
0.092900000,0.247192383,0.674743652
0.093000000,0.000000000,0.521911621
0.093100000,-0.247192383,0.318054199
0.093200000,-0.470214844,0.083068848
0.093300000,-0.647155762,-0.160095215
0.093400000,-0.760803223,-0.387634277
0.093500000,-0.799987793,-0.577209473
0.093600000,-0.760803223,-0.710266113
0.093700000,-0.647155762,-0.773742676
0.093800000,-0.470214844,-0.761535645
0.093900000,-0.247192383,-0.674743652
0.094000000,0.000000000,-0.521911621
0.094100000,0.247192383,-0.318054199
0.094200000,0.470214844,-0.083068848
0.094300000,0.647155762,0.160095215
0.094400000,0.760803223,0.387634277
0.094500000,0.799987793,0.577209473
0.094600000,0.760803223,0.710266113
0.094700000,0.647155762,0.773742676
0.094800000,0.470214844,0.761535645
0.094900000,0.247192383,0.674743652
0.095000000,0.000000000,0.521911621
0.095100000,-0.247192383,0.318054199
0.095200000,-0.470214844,0.083068848
0.095300000,-0.647155762,-0.160095215
0.095400000,-0.760803223,-0.387634277
0.095500000,-0.799987793,-0.577209473
0.095600000,-0.760803223,-0.710266113
0.095700000,-0.647155762,-0.773742676
0.095800000,-0.470214844,-0.761535645
0.095900000,-0.247192383,-0.674743652
0.096000000,0.000000000,-0.521911621
0.096100000,0.247192383,-0.318054199
0.096200000,0.470214844,-0.083068848
0.096300000,0.647155762,0.160095215
0.096400000,0.760803223,0.387634277
0.096500000,0.799987793,0.577209473
0.096600000,0.760803223,0.710266113
0.096700000,0.647155762,0.773742676
0.096800000,0.470214844,0.761535645
0.096900000,0.247192383,0.674743652
0.097000000,0.000000000,0.521911621
0.097100000,-0.247192383,0.318054199
0.097200000,-0.470214844,0.083068848
0.097300000,-0.647155762,-0.160095215
0.097400000,-0.760803223,-0.387634277
0.097500000,-0.799987793,-0.577209473
0.097600000,-0.760803223,-0.710266113
0.097700000,-0.647155762,-0.773742676
0.097800000,-0.470214844,-0.761535645
0.097900000,-0.247192383,-0.674743652
0.098000000,0.000000000,-0.521911621
0.098100000,0.247192383,-0.318054199
0.098200000,0.470214844,-0.083068848
0.098300000,0.647155762,0.160095215
0.098400000,0.760803223,0.387634277
0.098500000,0.799987793,0.577209473
0.098600000,0.760803223,0.710266113
0.098700000,0.647155762,0.773742676
0.098800000,0.470214844,0.761535645
0.098900000,0.247192383,0.674743652
0.099000000,0.000000000,0.521911621
0.099100000,-0.247192383,0.318054199
0.099200000,-0.470214844,0.083068848
0.099300000,-0.647155762,-0.160095215
0.099400000,-0.760803223,-0.387634277
0.099500000,-0.799987793,-0.577209473
0.099600000,-0.760803223,-0.710266113
0.099700000,-0.647155762,-0.773742676
0.099800000,-0.470214844,-0.761535645
0.099900000,-0.247192383,-0.674743652
0.100000000,0.000000000,-0.521911621
0.100100000,0.247192383,-0.318054199
0.100200000,0.470214844,-0.083068848
0.100300000,0.647155762,0.160095215
0.100400000,0.760803223,0.387634277
0.100500000,0.799987793,0.577209473
0.100600000,0.760803223,0.710266113
0.100700000,0.647155762,0.773742676
0.100800000,0.470214844,0.761535645
0.100900000,0.247192383,0.674743652
0.101000000,0.000000000,0.521911621
0.101100000,-0.247192383,0.318054199
0.101200000,-0.470214844,0.083068848
0.101300000,-0.647155762,-0.160095215
0.101400000,-0.760803223,-0.387634277
0.101500000,-0.799987793,-0.577209473
0.101600000,-0.760803223,-0.710266113
0.101700000,-0.647155762,-0.773742676
0.101800000,-0.470214844,-0.761535645
0.101900000,-0.247192383,-0.674743652
0.102000000,0.000000000,-0.521911621
0.102100000,0.247192383,-0.318054199
0.102200000,0.470214844,-0.083068848
0.102300000,0.647155762,0.160095215
0.102400000,0.760803223,0.387634277
0.102500000,0.799987793,0.577209473
0.102600000,0.760803223,0.710266113
0.102700000,0.647155762,0.773742676
0.102800000,0.470214844,0.761535645
0.102900000,0.247192383,0.674743652
0.103000000,0.000000000,0.521911621
0.103100000,-0.247192383,0.318054199
0.103200000,-0.470214844,0.083068848
0.103300000,-0.647155762,-0.160095215
0.103400000,-0.760803223,-0.387634277
0.103500000,-0.799987793,-0.577209473
0.103600000,-0.760803223,-0.710266113
0.103700000,-0.647155762,-0.773742676
0.103800000,-0.470214844,-0.761535645
0.103900000,-0.247192383,-0.674743652
0.104000000,0.000000000,-0.521911621
0.104100000,0.247192383,-0.318054199
0.104200000,0.470214844,-0.083068848
0.104300000,0.647155762,0.160095215
0.104400000,0.760803223,0.387634277
0.104500000,0.799987793,0.577209473
0.104600000,0.760803223,0.710266113
0.104700000,0.647155762,0.773742676
0.104800000,0.470214844,0.761535645
0.104900000,0.247192383,0.674743652
0.105000000,0.000000000,0.521911621
0.105100000,-0.247192383,0.318054199
0.105200000,-0.470214844,0.083068848
0.105300000,-0.647155762,-0.160095215
0.105400000,-0.760803223,-0.387634277
0.105500000,-0.799987793,-0.577209473
0.105600000,-0.760803223,-0.710266113
0.105700000,-0.647155762,-0.773742676
0.105800000,-0.470214844,-0.761535645
0.105900000,-0.247192383,-0.674743652
0.106000000,0.000000000,-0.521911621
0.106100000,0.247192383,-0.318054199
0.106200000,0.470214844,-0.083068848
0.106300000,0.647155762,0.160095215
0.106400000,0.760803223,0.387634277
0.106500000,0.799987793,0.577209473
0.106600000,0.760803223,0.710266113
0.106700000,0.647155762,0.773742676
0.106800000,0.470214844,0.761535645
0.106900000,0.247192383,0.674743652
0.107000000,0.000000000,0.521911621
0.107100000,-0.247192383,0.318054199
0.107200000,-0.470214844,0.083068848
0.107300000,-0.647155762,-0.160095215
0.107400000,-0.760803223,-0.387634277
0.107500000,-0.799987793,-0.577209473
0.107600000,-0.760803223,-0.710266113
0.107700000,-0.647155762,-0.773742676
0.107800000,-0.470214844,-0.761535645
0.107900000,-0.247192383,-0.674743652
0.108000000,0.000000000,-0.521911621
0.108100000,0.247192383,-0.318054199
0.108200000,0.470214844,-0.083068848
0.108300000,0.647155762,0.160095215
0.108400000,0.760803223,0.387634277
0.108500000,0.799987793,0.577209473
0.108600000,0.760803223,0.710266113
0.108700000,0.647155762,0.773742676
0.108800000,0.470214844,0.761535645
0.108900000,0.247192383,0.674743652
0.109000000,0.000000000,0.521911621
0.109100000,-0.247192383,0.318054199
0.109200000,-0.470214844,0.083068848
0.109300000,-0.647155762,-0.160095215
0.109400000,-0.760803223,-0.387634277
0.109500000,-0.799987793,-0.577209473
0.109600000,-0.760803223,-0.710266113
0.109700000,-0.647155762,-0.773742676
0.109800000,-0.470214844,-0.761535645
0.109900000,-0.247192383,-0.674743652
0.110000000,0.000000000,-0.521911621
0.110100000,0.247192383,-0.318054199
0.110200000,0.470214844,-0.083068848
0.110300000,0.647155762,0.160095215
0.110400000,0.760803223,0.387634277
0.110500000,0.799987793,0.577209473
0.110600000,0.760803223,0.710266113
0.110700000,0.647155762,0.773742676
0.110800000,0.470214844,0.761535645
0.110900000,0.247192383,0.674743652
0.111000000,0.000000000,0.521911621
0.111100000,-0.247192383,0.318054199
0.111200000,-0.470214844,0.083068848
0.111300000,-0.647155762,-0.160095215
0.111400000,-0.760803223,-0.387634277
0.111500000,-0.799987793,-0.577209473
0.111600000,-0.760803223,-0.710266113
0.111700000,-0.647155762,-0.773742676
0.111800000,-0.470214844,-0.761535645
0.111900000,-0.247192383,-0.674743652
0.112000000,0.000000000,-0.521911621
0.112100000,0.247192383,-0.318054199
0.112200000,0.470214844,-0.083068848
0.112300000,0.647155762,0.160095215
0.112400000,0.760803223,0.387634277
0.112500000,0.799987793,0.577209473
0.112600000,0.760803223,0.710266113
0.112700000,0.647155762,0.773742676
0.112800000,0.470214844,0.761535645
0.112900000,0.247192383,0.674743652
0.113000000,0.000000000,0.521911621
0.113100000,-0.247192383,0.318054199
0.113200000,-0.470214844,0.083068848
0.113300000,-0.647155762,-0.160095215
0.113400000,-0.760803223,-0.387634277
0.113500000,-0.799987793,-0.577209473
0.113600000,-0.760803223,-0.710266113
0.113700000,-0.647155762,-0.773742676
0.113800000,-0.470214844,-0.761535645
0.113900000,-0.247192383,-0.674743652
0.114000000,0.000000000,-0.521911621
0.114100000,0.247192383,-0.318054199
0.114200000,0.470214844,-0.083068848
0.114300000,0.647155762,0.160095215
0.114400000,0.760803223,0.387634277
0.114500000,0.799987793,0.577209473
0.114600000,0.760803223,0.710266113
0.114700000,0.647155762,0.773742676
0.114800000,0.470214844,0.761535645
0.114900000,0.247192383,0.674743652
0.115000000,0.000000000,0.521911621
0.115100000,-0.247192383,0.318054199
0.115200000,-0.470214844,0.083068848
0.115300000,-0.647155762,-0.160095215
0.115400000,-0.760803223,-0.387634277
0.115500000,-0.799987793,-0.577209473
0.115600000,-0.760803223,-0.710266113
0.115700000,-0.647155762,-0.773742676
0.115800000,-0.470214844,-0.761535645
0.115900000,-0.247192383,-0.674743652
0.116000000,0.000000000,-0.521911621
0.116100000,0.247192383,-0.318054199
0.116200000,0.470214844,-0.083068848
0.116300000,0.647155762,0.160095215
0.116400000,0.760803223,0.387634277
0.116500000,0.799987793,0.577209473
0.116600000,0.760803223,0.710266113
0.116700000,0.647155762,0.773742676
0.116800000,0.470214844,0.761535645
0.116900000,0.247192383,0.674743652
0.117000000,0.000000000,0.521911621
0.117100000,-0.247192383,0.318054199
0.117200000,-0.470214844,0.083068848
0.117300000,-0.647155762,-0.160095215
0.117400000,-0.760803223,-0.387634277
0.117500000,-0.799987793,-0.577209473
0.117600000,-0.760803223,-0.710266113
0.117700000,-0.647155762,-0.773742676
0.117800000,-0.470214844,-0.761535645
0.117900000,-0.247192383,-0.674743652
0.118000000,0.000000000,-0.521911621
0.118100000,0.247192383,-0.318054199
0.118200000,0.470214844,-0.083068848
0.118300000,0.647155762,0.160095215
0.118400000,0.760803223,0.387634277
0.118500000,0.799987793,0.577209473
0.118600000,0.760803223,0.710266113
0.118700000,0.647155762,0.773742676
0.118800000,0.470214844,0.761535645
0.118900000,0.247192383,0.674743652
0.119000000,0.000000000,0.521911621
0.119100000,-0.247192383,0.318054199
0.119200000,-0.470214844,0.083068848
0.119300000,-0.647155762,-0.160095215
0.119400000,-0.760803223,-0.387634277
0.119500000,-0.799987793,-0.577209473
0.119600000,-0.760803223,-0.710266113
0.119700000,-0.647155762,-0.773742676
0.119800000,-0.470214844,-0.761535645
0.119900000,-0.247192383,-0.674743652
0.120000000,0.000000000,-0.521911621
0.120100000,0.247192383,-0.318054199
0.120200000,0.470214844,-0.083068848
0.120300000,0.647155762,0.160095215
0.120400000,0.760803223,0.387634277
0.120500000,0.799987793,0.577209473
0.120600000,0.760803223,0.710266113
0.120700000,0.647155762,0.773742676
0.120800000,0.470214844,0.761535645
0.120900000,0.247192383,0.674743652
0.121000000,0.000000000,0.521911621
0.121100000,-0.247192383,0.318054199
0.121200000,-0.470214844,0.083068848
0.121300000,-0.647155762,-0.160095215
0.121400000,-0.760803223,-0.387634277
0.121500000,-0.799987793,-0.577209473
0.121600000,-0.760803223,-0.710266113
0.121700000,-0.647155762,-0.773742676
0.121800000,-0.470214844,-0.761535645
0.121900000,-0.247192383,-0.674743652
0.122000000,0.000000000,-0.521911621
0.122100000,0.247192383,-0.318054199
0.122200000,0.470214844,-0.083068848
0.122300000,0.647155762,0.160095215
0.122400000,0.760803223,0.387634277
0.122500000,0.799987793,0.577209473
0.122600000,0.760803223,0.710266113
0.122700000,0.647155762,0.773742676
0.122800000,0.470214844,0.761535645
0.122900000,0.247192383,0.674743652
0.123000000,0.000000000,0.521911621
0.123100000,-0.247192383,0.318054199
0.123200000,-0.470214844,0.083068848
0.123300000,-0.647155762,-0.160095215
0.123400000,-0.760803223,-0.387634277
0.123500000,-0.799987793,-0.577209473
0.123600000,-0.760803223,-0.710266113
0.123700000,-0.647155762,-0.773742676
0.123800000,-0.470214844,-0.761535645
0.123900000,-0.247192383,-0.674743652
0.124000000,0.000000000,-0.521911621
0.124100000,0.247192383,-0.318054199
0.124200000,0.470214844,-0.083068848
0.124300000,0.647155762,0.160095215
0.124400000,0.760803223,0.387634277
0.124500000,0.799987793,0.577209473
0.124600000,0.760803223,0.710266113
0.124700000,0.647155762,0.773742676
0.124800000,0.470214844,0.761535645
0.124900000,0.247192383,0.674743652
0.125000000,0.000000000,0.521911621
0.125100000,-0.247192383,0.318054199
0.125200000,-0.470214844,0.083068848
0.125300000,-0.647155762,-0.160095215
0.125400000,-0.760803223,-0.387634277
0.125500000,-0.799987793,-0.577209473
0.125600000,-0.760803223,-0.710266113
0.125700000,-0.647155762,-0.773742676
0.125800000,-0.470214844,-0.761535645
0.125900000,-0.247192383,-0.674743652
0.126000000,0.000000000,-0.521911621
0.126100000,0.247192383,-0.318054199
0.126200000,0.470214844,-0.083068848
0.126300000,0.647155762,0.160095215
0.126400000,0.760803223,0.387634277
0.126500000,0.799987793,0.577209473
0.126600000,0.760803223,0.710266113
0.126700000,0.647155762,0.773742676
0.126800000,0.470214844,0.761535645
0.126900000,0.247192383,0.674743652
0.127000000,0.000000000,0.521911621
0.127100000,-0.247192383,0.318054199
0.127200000,-0.470214844,0.083068848
0.127300000,-0.647155762,-0.160095215
0.127400000,-0.760803223,-0.387634277
0.127500000,-0.799987793,-0.577209473
0.127600000,-0.760803223,-0.710266113
0.127700000,-0.647155762,-0.773742676
0.127800000,-0.470214844,-0.761535645
0.127900000,-0.247192383,-0.674743652
0.128000000,0.000000000,-0.521911621
0.128100000,0.247192383,-0.318054199
0.128200000,0.470214844,-0.083068848
0.128300000,0.647155762,0.160095215
0.128400000,0.760803223,0.387634277
0.128500000,0.799987793,0.577209473
0.128600000,0.760803223,0.710266113
0.128700000,0.647155762,0.773742676
0.128800000,0.470214844,0.761535645
0.128900000,0.247192383,0.674743652
0.129000000,0.000000000,0.521911621
0.129100000,-0.247192383,0.318054199
0.129200000,-0.470214844,0.083068848
0.129300000,-0.647155762,-0.160095215
0.129400000,-0.760803223,-0.387634277
0.129500000,-0.799987793,-0.577209473
0.129600000,-0.760803223,-0.710266113
0.129700000,-0.647155762,-0.773742676
0.129800000,-0.470214844,-0.761535645
0.129900000,-0.247192383,-0.674743652
0.130000000,0.000000000,-0.521911621
0.130100000,0.247192383,-0.318054199
0.130200000,0.470214844,-0.083068848
0.130300000,0.647155762,0.160095215
0.130400000,0.760803223,0.387634277
0.130500000,0.799987793,0.577209473
0.130600000,0.760803223,0.710266113
0.130700000,0.647155762,0.773742676
0.130800000,0.470214844,0.761535645
0.130900000,0.247192383,0.674743652
0.131000000,0.000000000,0.521911621
0.131100000,-0.247192383,0.318054199
0.131200000,-0.470214844,0.083068848
0.131300000,-0.647155762,-0.160095215
0.131400000,-0.760803223,-0.387634277
0.131500000,-0.799987793,-0.577209473
0.131600000,-0.760803223,-0.710266113
0.131700000,-0.647155762,-0.773742676
0.131800000,-0.470214844,-0.761535645
0.131900000,-0.247192383,-0.674743652
0.132000000,0.000000000,-0.521911621
0.132100000,0.247192383,-0.318054199
0.132200000,0.470214844,-0.083068848
0.132300000,0.647155762,0.160095215
0.132400000,0.760803223,0.387634277
0.132500000,0.799987793,0.577209473
0.132600000,0.760803223,0.710266113
0.132700000,0.647155762,0.773742676
0.132800000,0.470214844,0.761535645
0.132900000,0.247192383,0.674743652
0.133000000,0.000000000,0.521911621
0.133100000,-0.247192383,0.318054199
0.133200000,-0.470214844,0.083068848
0.133300000,-0.647155762,-0.160095215
0.133400000,-0.760803223,-0.387634277
0.133500000,-0.799987793,-0.577209473
0.133600000,-0.760803223,-0.710266113
0.133700000,-0.647155762,-0.773742676
0.133800000,-0.470214844,-0.761535645
0.133900000,-0.247192383,-0.674743652
0.134000000,0.000000000,-0.521911621
0.134100000,0.247192383,-0.318054199
0.134200000,0.470214844,-0.083068848
0.134300000,0.647155762,0.160095215
0.134400000,0.760803223,0.387634277
0.134500000,0.799987793,0.577209473
0.134600000,0.760803223,0.710266113
0.134700000,0.647155762,0.773742676
0.134800000,0.470214844,0.761535645
0.134900000,0.247192383,0.674743652
0.135000000,0.000000000,0.521911621
0.135100000,-0.247192383,0.318054199
0.135200000,-0.470214844,0.083068848
0.135300000,-0.647155762,-0.160095215
0.135400000,-0.760803223,-0.387634277
0.135500000,-0.799987793,-0.577209473
0.135600000,-0.760803223,-0.710266113
0.135700000,-0.647155762,-0.773742676
0.135800000,-0.470214844,-0.761535645
0.135900000,-0.247192383,-0.674743652
0.136000000,0.000000000,-0.521911621
0.136100000,0.247192383,-0.318054199
0.136200000,0.470214844,-0.083068848
0.136300000,0.647155762,0.160095215
0.136400000,0.760803223,0.387634277
0.136500000,0.799987793,0.577209473
0.136600000,0.760803223,0.710266113
0.136700000,0.647155762,0.773742676
0.136800000,0.470214844,0.761535645
0.136900000,0.247192383,0.674743652
0.137000000,0.000000000,0.521911621
0.137100000,-0.247192383,0.318054199
0.137200000,-0.470214844,0.083068848
0.137300000,-0.647155762,-0.160095215
0.137400000,-0.760803223,-0.387634277
0.137500000,-0.799987793,-0.577209473
0.137600000,-0.760803223,-0.710266113
0.137700000,-0.647155762,-0.773742676
0.137800000,-0.470214844,-0.761535645
0.137900000,-0.247192383,-0.674743652
0.138000000,0.000000000,-0.521911621
0.138100000,0.247192383,-0.318054199
0.138200000,0.470214844,-0.083068848
0.138300000,0.647155762,0.160095215
0.138400000,0.760803223,0.387634277
0.138500000,0.799987793,0.577209473
0.138600000,0.760803223,0.710266113
0.138700000,0.647155762,0.773742676
0.138800000,0.470214844,0.761535645
0.138900000,0.247192383,0.674743652
0.139000000,0.000000000,0.521911621
0.139100000,-0.247192383,0.318054199
0.139200000,-0.470214844,0.083068848
0.139300000,-0.647155762,-0.160095215
0.139400000,-0.760803223,-0.387634277
0.139500000,-0.799987793,-0.577209473
0.139600000,-0.760803223,-0.710266113
0.139700000,-0.647155762,-0.773742676
0.139800000,-0.470214844,-0.761535645
0.139900000,-0.247192383,-0.674743652
0.140000000,0.000000000,-0.521911621
0.140100000,0.247192383,-0.318054199
0.140200000,0.470214844,-0.083068848
0.140300000,0.647155762,0.160095215
0.140400000,0.760803223,0.387634277
0.140500000,0.799987793,0.577209473
0.140600000,0.760803223,0.710266113
0.140700000,0.647155762,0.773742676
0.140800000,0.470214844,0.761535645
0.140900000,0.247192383,0.674743652
0.141000000,0.000000000,0.521911621
0.141100000,-0.247192383,0.318054199
0.141200000,-0.470214844,0.083068848
0.141300000,-0.647155762,-0.160095215
0.141400000,-0.760803223,-0.387634277
0.141500000,-0.799987793,-0.577209473
0.141600000,-0.760803223,-0.710266113
0.141700000,-0.647155762,-0.773742676
0.141800000,-0.470214844,-0.761535645
0.141900000,-0.247192383,-0.674743652
0.142000000,0.000000000,-0.521911621
0.142100000,0.247192383,-0.318054199
0.142200000,0.470214844,-0.083068848
0.142300000,0.647155762,0.160095215
0.142400000,0.760803223,0.387634277
0.142500000,0.799987793,0.577209473
0.142600000,0.760803223,0.710266113
0.142700000,0.647155762,0.773742676
0.142800000,0.470214844,0.761535645
0.142900000,0.247192383,0.674743652
0.143000000,0.000000000,0.521911621
0.143100000,-0.247192383,0.318054199
0.143200000,-0.470214844,0.083068848
0.143300000,-0.647155762,-0.160095215
0.143400000,-0.760803223,-0.387634277
0.143500000,-0.799987793,-0.577209473
0.143600000,-0.760803223,-0.710266113
0.143700000,-0.647155762,-0.773742676
0.143800000,-0.470214844,-0.761535645
0.143900000,-0.247192383,-0.674743652
0.144000000,0.000000000,-0.521911621
0.144100000,0.247192383,-0.318054199
0.144200000,0.470214844,-0.083068848
0.144300000,0.647155762,0.160095215
0.144400000,0.760803223,0.387634277
0.144500000,0.799987793,0.577209473
0.144600000,0.760803223,0.710266113
0.144700000,0.647155762,0.773742676
0.144800000,0.470214844,0.761535645
0.144900000,0.247192383,0.674743652
0.145000000,0.000000000,0.521911621
0.145100000,-0.247192383,0.318054199
0.145200000,-0.470214844,0.083068848
0.145300000,-0.647155762,-0.160095215
0.145400000,-0.760803223,-0.387634277
0.145500000,-0.799987793,-0.577209473
0.145600000,-0.760803223,-0.710266113
0.145700000,-0.647155762,-0.773742676
0.145800000,-0.470214844,-0.761535645
0.145900000,-0.247192383,-0.674743652
0.146000000,0.000000000,-0.521911621
0.146100000,0.247192383,-0.318054199
0.146200000,0.470214844,-0.083068848
0.146300000,0.647155762,0.160095215
0.146400000,0.760803223,0.387634277
0.146500000,0.799987793,0.577209473
0.146600000,0.760803223,0.710266113
0.146700000,0.647155762,0.773742676
0.146800000,0.470214844,0.761535645
0.146900000,0.247192383,0.674743652
0.147000000,0.000000000,0.521911621
0.147100000,-0.247192383,0.318054199
0.147200000,-0.470214844,0.083068848
0.147300000,-0.647155762,-0.160095215
0.147400000,-0.760803223,-0.387634277
0.147500000,-0.799987793,-0.577209473
0.147600000,-0.760803223,-0.710266113
0.147700000,-0.647155762,-0.773742676
0.147800000,-0.470214844,-0.761535645
0.147900000,-0.247192383,-0.674743652
0.148000000,0.000000000,-0.521911621
0.148100000,0.247192383,-0.318054199
0.148200000,0.470214844,-0.083068848
0.148300000,0.647155762,0.160095215
0.148400000,0.760803223,0.387634277
0.148500000,0.799987793,0.577209473
0.148600000,0.760803223,0.710266113
0.148700000,0.647155762,0.773742676
0.148800000,0.470214844,0.761535645
0.148900000,0.247192383,0.674743652
0.149000000,0.000000000,0.521911621
0.149100000,-0.247192383,0.318054199
0.149200000,-0.470214844,0.083068848
0.149300000,-0.647155762,-0.160095215
0.149400000,-0.760803223,-0.387634277
0.149500000,-0.799987793,-0.577209473
0.149600000,-0.760803223,-0.710266113
0.149700000,-0.647155762,-0.773742676
0.149800000,-0.470214844,-0.761535645
0.149900000,-0.247192383,-0.674743652
0.150000000,0.000000000,-0.521911621
0.150100000,0.247192383,-0.318054199
0.150200000,0.470214844,-0.083068848
0.150300000,0.647155762,0.160095215
0.150400000,0.760803223,0.387634277
0.150500000,0.799987793,0.577209473
0.150600000,0.760803223,0.710266113
0.150700000,0.647155762,0.773742676
0.150800000,0.470214844,0.761535645
0.150900000,0.247192383,0.674743652
0.151000000,0.000000000,0.521911621
0.151100000,-0.247192383,0.318054199
0.151200000,-0.470214844,0.083068848
0.151300000,-0.647155762,-0.160095215
0.151400000,-0.760803223,-0.387634277
0.151500000,-0.799987793,-0.577209473
0.151600000,-0.760803223,-0.710266113
0.151700000,-0.647155762,-0.773742676
0.151800000,-0.470214844,-0.761535645
0.151900000,-0.247192383,-0.674743652
0.152000000,0.000000000,-0.521911621
0.152100000,0.247192383,-0.318054199
0.152200000,0.470214844,-0.083068848
0.152300000,0.647155762,0.160095215
0.152400000,0.760803223,0.387634277
0.152500000,0.799987793,0.577209473
0.152600000,0.760803223,0.710266113
0.152700000,0.647155762,0.773742676
0.152800000,0.470214844,0.761535645
0.152900000,0.247192383,0.674743652
0.153000000,0.000000000,0.521911621
0.153100000,-0.247192383,0.318054199
0.153200000,-0.470214844,0.083068848
0.153300000,-0.647155762,-0.160095215
0.153400000,-0.760803223,-0.387634277
0.153500000,-0.799987793,-0.577209473
0.153600000,-0.760803223,-0.710266113
0.153700000,-0.647155762,-0.773742676
0.153800000,-0.470214844,-0.761535645
0.153900000,-0.247192383,-0.674743652
0.154000000,0.000000000,-0.521911621
0.154100000,0.247192383,-0.318054199
0.154200000,0.470214844,-0.083068848
0.154300000,0.647155762,0.160095215
0.154400000,0.760803223,0.387634277
0.154500000,0.799987793,0.577209473
0.154600000,0.760803223,0.710266113
0.154700000,0.647155762,0.773742676
0.154800000,0.470214844,0.761535645
0.154900000,0.247192383,0.674743652
0.155000000,0.000000000,0.521911621
0.155100000,-0.247192383,0.318054199
0.155200000,-0.470214844,0.083068848
0.155300000,-0.647155762,-0.160095215
0.155400000,-0.760803223,-0.387634277
0.155500000,-0.799987793,-0.577209473
0.155600000,-0.760803223,-0.710266113
0.155700000,-0.647155762,-0.773742676
0.155800000,-0.470214844,-0.761535645
0.155900000,-0.247192383,-0.674743652
0.156000000,0.000000000,-0.521911621
0.156100000,0.247192383,-0.318054199
0.156200000,0.470214844,-0.083068848
0.156300000,0.647155762,0.160095215
0.156400000,0.760803223,0.387634277
0.156500000,0.799987793,0.577209473
0.156600000,0.760803223,0.710266113
0.156700000,0.647155762,0.773742676
0.156800000,0.470214844,0.761535645
0.156900000,0.247192383,0.674743652
0.157000000,0.000000000,0.521911621
0.157100000,-0.247192383,0.318054199
0.157200000,-0.470214844,0.083068848
0.157300000,-0.647155762,-0.160095215
0.157400000,-0.760803223,-0.387634277
0.157500000,-0.799987793,-0.577209473
0.157600000,-0.760803223,-0.710266113
0.157700000,-0.647155762,-0.773742676
0.157800000,-0.470214844,-0.761535645
0.157900000,-0.247192383,-0.674743652
0.158000000,0.000000000,-0.521911621
0.158100000,0.247192383,-0.318054199
0.158200000,0.470214844,-0.083068848
0.158300000,0.647155762,0.160095215
0.158400000,0.760803223,0.387634277
0.158500000,0.799987793,0.577209473
0.158600000,0.760803223,0.710266113
0.158700000,0.647155762,0.773742676
0.158800000,0.470214844,0.761535645
0.158900000,0.247192383,0.674743652
0.159000000,0.000000000,0.521911621
0.159100000,-0.247192383,0.318054199
0.159200000,-0.470214844,0.083068848
0.159300000,-0.647155762,-0.160095215
0.159400000,-0.760803223,-0.387634277
0.159500000,-0.799987793,-0.577209473
0.159600000,-0.760803223,-0.710266113
0.159700000,-0.647155762,-0.773742676
0.159800000,-0.470214844,-0.761535645
0.159900000,-0.247192383,-0.674743652
0.160000000,0.000000000,-0.521911621
0.160100000,0.247192383,-0.318054199
0.160200000,0.470214844,-0.083068848
0.160300000,0.647155762,0.160095215
0.160400000,0.760803223,0.387634277
0.160500000,0.799987793,0.577209473
0.160600000,0.760803223,0.710266113
0.160700000,0.647155762,0.773742676
0.160800000,0.470214844,0.761535645
0.160900000,0.247192383,0.674743652
0.161000000,0.000000000,0.521911621
0.161100000,-0.247192383,0.318054199
0.161200000,-0.470214844,0.083068848
0.161300000,-0.647155762,-0.160095215
0.161400000,-0.760803223,-0.387634277
0.161500000,-0.799987793,-0.577209473
0.161600000,-0.760803223,-0.710266113
0.161700000,-0.647155762,-0.773742676
0.161800000,-0.470214844,-0.761535645
0.161900000,-0.247192383,-0.674743652
0.162000000,0.000000000,-0.521911621
0.162100000,0.247192383,-0.318054199
0.162200000,0.470214844,-0.083068848
0.162300000,0.647155762,0.160095215
0.162400000,0.760803223,0.387634277
0.162500000,0.799987793,0.577209473
0.162600000,0.760803223,0.710266113
0.162700000,0.647155762,0.773742676
0.162800000,0.470214844,0.761535645
0.162900000,0.247192383,0.674743652
0.163000000,0.000000000,0.521911621
0.163100000,-0.247192383,0.318054199
0.163200000,-0.470214844,0.083068848
0.163300000,-0.647155762,-0.160095215
0.163400000,-0.760803223,-0.387634277
0.163500000,-0.799987793,-0.577209473
0.163600000,-0.760803223,-0.710266113
0.163700000,-0.647155762,-0.773742676
0.163800000,-0.470214844,-0.761535645
0.163900000,-0.247192383,-0.674743652
0.164000000,0.000000000,-0.521911621
0.164100000,0.247192383,-0.318054199
0.164200000,0.470214844,-0.083068848
0.164300000,0.647155762,0.160095215
0.164400000,0.760803223,0.387634277
0.164500000,0.799987793,0.577209473
0.164600000,0.760803223,0.710266113
0.164700000,0.647155762,0.773742676
0.164800000,0.470214844,0.761535645
0.164900000,0.247192383,0.674743652
0.165000000,0.000000000,0.521911621
0.165100000,-0.247192383,0.318054199
0.165200000,-0.470214844,0.083068848
0.165300000,-0.647155762,-0.160095215
0.165400000,-0.760803223,-0.387634277
0.165500000,-0.799987793,-0.577209473
0.165600000,-0.760803223,-0.710266113
0.165700000,-0.647155762,-0.773742676
0.165800000,-0.470214844,-0.761535645
0.165900000,-0.247192383,-0.674743652
0.166000000,0.000000000,-0.521911621
0.166100000,0.247192383,-0.318054199
0.166200000,0.470214844,-0.083068848
0.166300000,0.647155762,0.160095215
0.166400000,0.760803223,0.387634277
0.166500000,0.799987793,0.577209473
0.166600000,0.760803223,0.710266113
0.166700000,0.647155762,0.773742676
0.166800000,0.470214844,0.761535645
0.166900000,0.247192383,0.674743652
0.167000000,0.000000000,0.521911621
0.167100000,-0.247192383,0.318054199
0.167200000,-0.470214844,0.083068848
0.167300000,-0.647155762,-0.160095215
0.167400000,-0.760803223,-0.387634277
0.167500000,-0.799987793,-0.577209473
0.167600000,-0.760803223,-0.710266113
0.167700000,-0.647155762,-0.773742676
0.167800000,-0.470214844,-0.761535645
0.167900000,-0.247192383,-0.674743652
0.168000000,0.000000000,-0.521911621
0.168100000,0.247192383,-0.318054199
0.168200000,0.470214844,-0.083068848
0.168300000,0.647155762,0.160095215
0.168400000,0.760803223,0.387634277
0.168500000,0.799987793,0.577209473
0.168600000,0.760803223,0.710266113
0.168700000,0.647155762,0.773742676
0.168800000,0.470214844,0.761535645
0.168900000,0.247192383,0.674743652
0.169000000,0.000000000,0.521911621
0.169100000,-0.247192383,0.318054199
0.169200000,-0.470214844,0.083068848
0.169300000,-0.647155762,-0.160095215
0.169400000,-0.760803223,-0.387634277
0.169500000,-0.799987793,-0.577209473
0.169600000,-0.760803223,-0.710266113
0.169700000,-0.647155762,-0.773742676
0.169800000,-0.470214844,-0.761535645
0.169900000,-0.247192383,-0.674743652
0.170000000,0.000000000,-0.521911621
0.170100000,0.247192383,-0.318054199
0.170200000,0.470214844,-0.083068848
0.170300000,0.647155762,0.160095215
0.170400000,0.760803223,0.387634277
0.170500000,0.799987793,0.577209473
0.170600000,0.760803223,0.710266113
0.170700000,0.647155762,0.773742676
0.170800000,0.470214844,0.761535645
0.170900000,0.247192383,0.674743652
0.171000000,0.000000000,0.521911621
0.171100000,-0.247192383,0.318054199
0.171200000,-0.470214844,0.083068848
0.171300000,-0.647155762,-0.160095215
0.171400000,-0.760803223,-0.387634277
0.171500000,-0.799987793,-0.577209473
0.171600000,-0.760803223,-0.710266113
0.171700000,-0.647155762,-0.773742676
0.171800000,-0.470214844,-0.761535645
0.171900000,-0.247192383,-0.674743652
0.172000000,0.000000000,-0.521911621
0.172100000,0.247192383,-0.318054199
0.172200000,0.470214844,-0.083068848
0.172300000,0.647155762,0.160095215
0.172400000,0.760803223,0.387634277
0.172500000,0.799987793,0.577209473
0.172600000,0.760803223,0.710266113
0.172700000,0.647155762,0.773742676
0.172800000,0.470214844,0.761535645
0.172900000,0.247192383,0.674743652
0.173000000,0.000000000,0.521911621
0.173100000,-0.247192383,0.318054199
0.173200000,-0.470214844,0.083068848
0.173300000,-0.647155762,-0.160095215
0.173400000,-0.760803223,-0.387634277
0.173500000,-0.799987793,-0.577209473
0.173600000,-0.760803223,-0.710266113
0.173700000,-0.647155762,-0.773742676
0.173800000,-0.470214844,-0.761535645
0.173900000,-0.247192383,-0.674743652
0.174000000,0.000000000,-0.521911621
0.174100000,0.247192383,-0.318054199
0.174200000,0.470214844,-0.083068848
0.174300000,0.647155762,0.160095215
0.174400000,0.760803223,0.387634277
0.174500000,0.799987793,0.577209473
0.174600000,0.760803223,0.710266113
0.174700000,0.647155762,0.773742676
0.174800000,0.470214844,0.761535645
0.174900000,0.247192383,0.674743652
0.175000000,0.000000000,0.521911621
0.175100000,-0.247192383,0.318054199
0.175200000,-0.470214844,0.083068848
0.175300000,-0.647155762,-0.160095215
0.175400000,-0.760803223,-0.387634277
0.175500000,-0.799987793,-0.577209473
0.175600000,-0.760803223,-0.710266113
0.175700000,-0.647155762,-0.773742676
0.175800000,-0.470214844,-0.761535645
0.175900000,-0.247192383,-0.674743652
0.176000000,0.000000000,-0.521911621
0.176100000,0.247192383,-0.318054199
0.176200000,0.470214844,-0.083068848
0.176300000,0.647155762,0.160095215
0.176400000,0.760803223,0.387634277
0.176500000,0.799987793,0.577209473
0.176600000,0.760803223,0.710266113
0.176700000,0.647155762,0.773742676
0.176800000,0.470214844,0.761535645
0.176900000,0.247192383,0.674743652
0.177000000,0.000000000,0.521911621
0.177100000,-0.247192383,0.318054199
0.177200000,-0.470214844,0.083068848
0.177300000,-0.647155762,-0.160095215
0.177400000,-0.760803223,-0.387634277
0.177500000,-0.799987793,-0.577209473
0.177600000,-0.760803223,-0.710266113
0.177700000,-0.647155762,-0.773742676
0.177800000,-0.470214844,-0.761535645
0.177900000,-0.247192383,-0.674743652
0.178000000,0.000000000,-0.521911621
0.178100000,0.247192383,-0.318054199
0.178200000,0.470214844,-0.083068848
0.178300000,0.647155762,0.160095215
0.178400000,0.760803223,0.387634277
0.178500000,0.799987793,0.577209473
0.178600000,0.760803223,0.710266113
0.178700000,0.647155762,0.773742676
0.178800000,0.470214844,0.761535645
0.178900000,0.247192383,0.674743652
0.179000000,0.000000000,0.521911621
0.179100000,-0.247192383,0.318054199
0.179200000,-0.470214844,0.083068848
0.179300000,-0.647155762,-0.160095215
0.179400000,-0.760803223,-0.387634277
0.179500000,-0.799987793,-0.577209473
0.179600000,-0.760803223,-0.710266113
0.179700000,-0.647155762,-0.773742676
0.179800000,-0.470214844,-0.761535645
0.179900000,-0.247192383,-0.674743652
0.180000000,0.000000000,-0.521911621
0.180100000,0.247192383,-0.318054199
0.180200000,0.470214844,-0.083068848
0.180300000,0.647155762,0.160095215
0.180400000,0.760803223,0.387634277
0.180500000,0.799987793,0.577209473
0.180600000,0.760803223,0.710266113
0.180700000,0.647155762,0.773742676
0.180800000,0.470214844,0.761535645
0.180900000,0.247192383,0.674743652
0.181000000,0.000000000,0.521911621
0.181100000,-0.247192383,0.318054199
0.181200000,-0.470214844,0.083068848
0.181300000,-0.647155762,-0.160095215
0.181400000,-0.760803223,-0.387634277
0.181500000,-0.799987793,-0.577209473
0.181600000,-0.760803223,-0.710266113
0.181700000,-0.647155762,-0.773742676
0.181800000,-0.470214844,-0.761535645
0.181900000,-0.247192383,-0.674743652
0.182000000,0.000000000,-0.521911621
0.182100000,0.247192383,-0.318054199
0.182200000,0.470214844,-0.083068848
0.182300000,0.647155762,0.160095215
0.182400000,0.760803223,0.387634277
0.182500000,0.799987793,0.577209473
0.182600000,0.760803223,0.710266113
0.182700000,0.647155762,0.773742676
0.182800000,0.470214844,0.761535645
0.182900000,0.247192383,0.674743652
0.183000000,0.000000000,0.521911621
0.183100000,-0.247192383,0.318054199
0.183200000,-0.470214844,0.083068848
0.183300000,-0.647155762,-0.160095215
0.183400000,-0.760803223,-0.387634277
0.183500000,-0.799987793,-0.577209473
0.183600000,-0.760803223,-0.710266113
0.183700000,-0.647155762,-0.773742676
0.183800000,-0.470214844,-0.761535645
0.183900000,-0.247192383,-0.674743652
0.184000000,0.000000000,-0.521911621
0.184100000,0.247192383,-0.318054199
0.184200000,0.470214844,-0.083068848
0.184300000,0.647155762,0.160095215
0.184400000,0.760803223,0.387634277
0.184500000,0.799987793,0.577209473
0.184600000,0.760803223,0.710266113
0.184700000,0.647155762,0.773742676
0.184800000,0.470214844,0.761535645
0.184900000,0.247192383,0.674743652
0.185000000,0.000000000,0.521911621
0.185100000,-0.247192383,0.318054199
0.185200000,-0.470214844,0.083068848
0.185300000,-0.647155762,-0.160095215
0.185400000,-0.760803223,-0.387634277
0.185500000,-0.799987793,-0.577209473
0.185600000,-0.760803223,-0.710266113
0.185700000,-0.647155762,-0.773742676
0.185800000,-0.470214844,-0.761535645
0.185900000,-0.247192383,-0.674743652
0.186000000,0.000000000,-0.521911621
0.186100000,0.247192383,-0.318054199
0.186200000,0.470214844,-0.083068848
0.186300000,0.647155762,0.160095215
0.186400000,0.760803223,0.387634277
0.186500000,0.799987793,0.577209473
0.186600000,0.760803223,0.710266113
0.186700000,0.647155762,0.773742676
0.186800000,0.470214844,0.761535645
0.186900000,0.247192383,0.674743652
0.187000000,0.000000000,0.521911621
0.187100000,-0.247192383,0.318054199
0.187200000,-0.470214844,0.083068848
0.187300000,-0.647155762,-0.160095215
0.187400000,-0.760803223,-0.387634277
0.187500000,-0.799987793,-0.577209473
0.187600000,-0.760803223,-0.710266113
0.187700000,-0.647155762,-0.773742676
0.187800000,-0.470214844,-0.761535645
0.187900000,-0.247192383,-0.674743652
0.188000000,0.000000000,-0.521911621
0.188100000,0.247192383,-0.318054199
0.188200000,0.470214844,-0.083068848
0.188300000,0.647155762,0.160095215
0.188400000,0.760803223,0.387634277
0.188500000,0.799987793,0.577209473
0.188600000,0.760803223,0.710266113
0.188700000,0.647155762,0.773742676
0.188800000,0.470214844,0.761535645
0.188900000,0.247192383,0.674743652
0.189000000,0.000000000,0.521911621
0.189100000,-0.247192383,0.318054199
0.189200000,-0.470214844,0.083068848
0.189300000,-0.647155762,-0.160095215
0.189400000,-0.760803223,-0.387634277
0.189500000,-0.799987793,-0.577209473
0.189600000,-0.760803223,-0.710266113
0.189700000,-0.647155762,-0.773742676
0.189800000,-0.470214844,-0.761535645
0.189900000,-0.247192383,-0.674743652
0.190000000,0.000000000,-0.521911621
0.190100000,0.247192383,-0.318054199
0.190200000,0.470214844,-0.083068848
0.190300000,0.647155762,0.160095215
0.190400000,0.760803223,0.387634277
0.190500000,0.799987793,0.577209473
0.190600000,0.760803223,0.710266113
0.190700000,0.647155762,0.773742676
0.190800000,0.470214844,0.761535645
0.190900000,0.247192383,0.674743652
0.191000000,0.000000000,0.521911621
0.191100000,-0.247192383,0.318054199
0.191200000,-0.470214844,0.083068848
0.191300000,-0.647155762,-0.160095215
0.191400000,-0.760803223,-0.387634277
0.191500000,-0.799987793,-0.577209473
0.191600000,-0.760803223,-0.710266113
0.191700000,-0.647155762,-0.773742676
0.191800000,-0.470214844,-0.761535645
0.191900000,-0.247192383,-0.674743652
0.192000000,0.000000000,-0.521911621
0.192100000,0.247192383,-0.318054199
0.192200000,0.470214844,-0.083068848
0.192300000,0.647155762,0.160095215
0.192400000,0.760803223,0.387634277
0.192500000,0.799987793,0.577209473
0.192600000,0.760803223,0.710266113
0.192700000,0.647155762,0.773742676
0.192800000,0.470214844,0.761535645
0.192900000,0.247192383,0.674743652
0.193000000,0.000000000,0.521911621
0.193100000,-0.247192383,0.318054199
0.193200000,-0.470214844,0.083068848
0.193300000,-0.647155762,-0.160095215
0.193400000,-0.760803223,-0.387634277
0.193500000,-0.799987793,-0.577209473
0.193600000,-0.760803223,-0.710266113
0.193700000,-0.647155762,-0.773742676
0.193800000,-0.470214844,-0.761535645
0.193900000,-0.247192383,-0.674743652
0.194000000,0.000000000,-0.521911621
0.194100000,0.247192383,-0.318054199
0.194200000,0.470214844,-0.083068848
0.194300000,0.647155762,0.160095215
0.194400000,0.760803223,0.387634277
0.194500000,0.799987793,0.577209473
0.194600000,0.760803223,0.710266113
0.194700000,0.647155762,0.773742676
0.194800000,0.470214844,0.761535645
0.194900000,0.247192383,0.674743652
0.195000000,0.000000000,0.521911621
0.195100000,-0.247192383,0.318054199
0.195200000,-0.470214844,0.083068848
0.195300000,-0.647155762,-0.160095215
0.195400000,-0.760803223,-0.387634277
0.195500000,-0.799987793,-0.577209473
0.195600000,-0.760803223,-0.710266113
0.195700000,-0.647155762,-0.773742676
0.195800000,-0.470214844,-0.761535645
0.195900000,-0.247192383,-0.674743652
0.196000000,0.000000000,-0.521911621
0.196100000,0.247192383,-0.318054199
0.196200000,0.470214844,-0.083068848
0.196300000,0.647155762,0.160095215
0.196400000,0.760803223,0.387634277
0.196500000,0.799987793,0.577209473
0.196600000,0.760803223,0.710266113
0.196700000,0.647155762,0.773742676
0.196800000,0.470214844,0.761535645
0.196900000,0.247192383,0.674743652
0.197000000,0.000000000,0.521911621
0.197100000,-0.247192383,0.318054199
0.197200000,-0.470214844,0.083068848
0.197300000,-0.647155762,-0.160095215
0.197400000,-0.760803223,-0.387634277
0.197500000,-0.799987793,-0.577209473
0.197600000,-0.760803223,-0.710266113
0.197700000,-0.647155762,-0.773742676
0.197800000,-0.470214844,-0.761535645
0.197900000,-0.247192383,-0.674743652
0.198000000,0.000000000,-0.521911621
0.198100000,0.247192383,-0.318054199
0.198200000,0.470214844,-0.083068848
0.198300000,0.647155762,0.160095215
0.198400000,0.760803223,0.387634277
0.198500000,0.799987793,0.577209473
0.198600000,0.760803223,0.710266113
0.198700000,0.647155762,0.773742676
0.198800000,0.470214844,0.761535645
0.198900000,0.247192383,0.674743652
0.199000000,0.000000000,0.521911621
0.199100000,-0.247192383,0.318054199
0.199200000,-0.470214844,0.083068848
0.199300000,-0.647155762,-0.160095215
0.199400000,-0.760803223,-0.387634277
0.199500000,-0.799987793,-0.577209473
0.199600000,-0.760803223,-0.710266113
0.199700000,-0.647155762,-0.773742676
0.199800000,-0.470214844,-0.761535645
0.199900000,-0.247192383,-0.674743652
